,0,1
0,2,당뇨로 고생 중인데 아내가 이혼하자더군. 아내가 날 버리면 병은 더 악화될 텐데 세상에 나 혼자 남은 기분이야.
1,1,요즘 코로나 때문에 김 할아버지를 만나러 가지 못하고 있어.
2,4,오늘 오빠가 나 때문에 엄마랑 싸웠어.
3,2,최근 물난리로 인해 직장동료가 죽었어. 다들 슬픔에 잠겨 있어.
4,5,아파트 부녀회장과 부녀회의 참석 문제로 의견 충돌이 생겼어. 정말 스트레스받아.
5,0,우리아이가 일찍 철이 들고 성숙해서 우리는 편안하게 육아를 했어
6,0,주식 투자로 남편이 기분이 좋은가 봐.
7,0,지금 여자친구랑 연애하길 잘했다.
8,2,오늘 친구를 만났는데 정말 실망스러웠어.
9,3,또 면접에서 떨어졌어. 일이 잘 안 풀리니까 부모님께 죄책감이 들어.
10,3,재정적으로 열등감이 들어.
11,4,다른 직장 동료들은 명품 하나씩 있는데 난 그럴 수가 없어.
12,4,건강때문에 너무 괴로워.
13,3,친구들은 다 결혼했는데 나만 못한것 같아서 내가 너무 초라해보여.
14,5,노후준비가 안 돼서 막막해.
15,1,남자친구한테 연락이 안 와서 초조해.
16,4,취업 준비를 하는데 돈이 너무 많이 들어. 부모님이 도와주는 다른 친구들에 비해 금전 상황이 안 좋다 보니 내 처지가 하루하루 더 힘들게 느껴져.
17,2,직장 생활이 갈수록 힘들어.
18,0,가족이 화목해서 좋아.
19,5,내가 폐암 이라니.
20,5,노망난 남편이 또 귀찮게 굴까 봐 오늘 어쩔 수 없이 밥을 차려주었어.
21,3,가족들이 나를 집에서 없는 사람 취급해서 너무 외로워.
22,0,며칠 후에 할머니 댁에 가기로 했어. 벌써 기대돼.
23,0,과장님은 회사에서 가장 믿을만한 사람이야.
24,3,난 아직 진로를 못 정했는데 다른 친구들보다 뒤처지는 느낌이 들어.
25,3,내게 잘해주는 친구가 있었는데 내 부탁을 거절해서 그 친구의 비밀을 다른 사람에게 말하고 다녔어.
26,5,회사에서 권고사직을 권유해 실업급여를 받도록 요청했는데 거절당해서 화가 나.
27,2,내 동생이 크게 사기당해서 모은돈을 다 잃게 생겼어.
28,4,올해 아이가 태어나는데 수입이 적어서 많이 걱정돼.
29,3,나 외로워.
30,3,앞으로 어떤 직업을 가지고 살아야 할지 모르겠어.
31,3,김 부장이 갑자기 자신의 업무를 나에게 떠넘겼어.
32,0,내가 오늘 친구들에게 욕설을 들었는데 선생님이 다가와서 막아주셨어. 감사한데 어떻게 표현해야 할지 모르겠네.
33,3,매번 저렇게 놀기만 하는 남편이 너무 싫어.
34,5,하필 왜 그날 가족 사진을 찍기로 한 건지 다들 정말 생각이 없어.
35,1,아내가 나와 싸우고 집을 나갔어. 너무 걱정된다.
36,2,나중에 귀농하려고 땅을 샀는데 땅값이 폭락했어.
37,5,내 남자친구는 결혼 이야기만 하면 방어적인 태도를 보여. 정말 서운해.
38,1,친구가 하는 말이 진짜인지 아닌지 모르겠어.
39,2,나는 세상이 어둡고 희망이 없는 거 같아.
40,2,요즘 몸이 부쩍 말을 잘 안 듣네.  여기저기 안아픈데가 없는거 같아.
41,3,돈을 보니 고립되는 기분이야.
42,5,녹내장 이후 시력이 안좋아졌어.진짜 열받는건 실직해서 돈도 없다는거지.
43,5,대인관계에 구역질 나.
44,5,친구들이 내가 살려달라고 도움 요청했는데 아무도 도와주지 않았어.
45,3,동생이 철없는 행동을 할때마다 너무 한심해보여.
46,5,아들하고 말이 안 통하는 거 같아.
47,3,나이 먹고 돈 없으니까 만나주는 사람도 없고 외롭네.
48,0,어제 힘든 일이 있었는데 엄마가 내 말을 다 들어줬어.
49,3,우리 부서 상사가 다른 여직원 성추행을 했대. 같은 공간에 있다는 게 너무 불쾌해.
50,5,자연 임신이 안 돼서 인공수정을 시도했는데 실패한 것 같아. 나는 아기를 가질 수 없는 사람인가 봐.
51,1,경제적으로 너무 힘들어. 아르바이트라도 구해야할텐데
52,0,와이프가 드디어 출산하러간대 ! 아이를 드디어 만날수 있다는 생각에 너무 떨려.
53,1,진로에 대해 회의감이 들어.
54,1,건강검진에서 이상이 발견되어서 큰 병원에서 검사를 받았어. 결과가 어떨지 너무 초조해.
55,3,앞으로 어떻게 살아야 할 지 막막하네.
56,5,자식들이 엄마 생일이라면 적어도 생일 선물은 사줘야하는 거 아니야?
57,4,나이 먹고 돈도 없고 몸도 아프니 맨날 병원만 다니느라 친구들 본지도 오래야.
58,3,남편이 죽으면서 내게 남긴 사망보험금인지 모르고 친구들이 부럽다고 해.
59,2,우리는 이 길이 아니면 살 수 없는 걸까? 경쟁하는 게 너무 힘들어.
60,4,경로당을 갔는데 누가 반겨주지도 않아. 참 무안하고 상처가 되는 것 같아.
61,4,내가 병에 걸리니까 아내가 나를 두고 집을 나갔어. 옆에 아무도 없고 혼자 살기 두려워.
62,2,후배한테 잘해주지 못해 후회가 돼.
63,3,집에 왔는데 아무도 없어. 너무 어두워
64,0,만성질환으로 고생하는 내게 사람들이 후원금을 주었어.
65,2,노후 준비를 열심히 했는데 결과는 실망스러워.
66,2,학교에서 친했던 애들이 갑자기 날 무시해서 학교생활이 너무 우울해.
67,3,은퇴하고 나면 뭘 해야 할 지 모르겠어.
68,3,나는 배 나온 걸 정말 싫어해.
69,1,친구가 맞춤법이 엉망이라 고쳐주고 싶은데 알게된지 얼마 안 된 친구라 조심스러워.
70,4,결혼을 약속한 여자 친구가 나에게 집이라 해놓고 시내에서 친구들과 술을 마시고 있는 것을 보고 배신감을 느꼈어.
71,2,건강에 환멸나.
72,2,더 이상 아빠랑 연락하지 않을거야.
73,4,대인관계를 위해서 희생과 도움주기는 당연하다고 생각해.
74,0,얼마 전에 밤에 모르는 아저씨가 우리 집 벨을 누르더라고.
75,0,남은 인생을 위해 사업을 구상 중이었는데 나를 돕고 싶다는 사람이 나타났어.
76,0,기분 정말 최고야!
77,0,내 건강을 믿어.
78,1,내일 진급자 발표인데 너무 초조해.
79,3,난 그동안 친구가 학교 폭력을 당하고 있는 걸 알면서도 당황해서 모른 척했어.
80,2,회사가 어려워져서 연봉을 삭감한 뒤 아이들이 달라는 용돈을 못 줘 침울해.
81,1,아픈데도 없는데 나이가 드니 죽음에 대한 공포에 당혹스러워.
82,3,점점 이 세상에서 내가 고립되는거 같아.
83,1,친구들은 다 차가 있는데 나만 없는 것 같아 왠지 불안하네.
84,5,내신성적이 한 과목만 잘 안 나와서 고민이야.
85,5,왜 건강을 챙기는데도 힘들까.
86,0,회사에서 전체 부서 중에 우리 부서가 영업 실적 일등을 했어.
87,3,요새 사람 만나기가 싫어.
88,5,친구가 꽃무릇을 보러 가자고 해놓고 오늘 다른 친구들과 다녀와서 동영상을 보여주는 거야.
89,0,항상 쫒기듯 살아왔는데 이젠 조금 느긋해지는군.
90,1,이번에 맡은 업무가 내 능력 밖이라 걱정스러워. 잘할 수 있을지 모르겠어.
91,2,면접을 잘 봤다고 생각했는데 이번에도 합격하지 못한 것 같아.
92,5,내 친구가 오늘 나에게 반에서 학교폭력을 당하고 있다고 말해서 학교폭력을 하는 친구들에게 화가 났어.
93,0,나는 이번에 꼭 승진 할 수 있을거야.
94,4,재정문제로 괴로워.
95,3,이제 중년인데 벌써 몸이 많이 안좋아졌어.
96,2,여태껏 건강관리잘했는데 나아지는게 없네. 혈압도 그대로고.
97,1,대학 진학 때문에 학과를 고민하고 있어. 그런데 공무원 같은 안정적인 직장에 갈 수 없는 과를 선택해도 괜찮을지 모르겠어.
98,2,나이가 육십이 되니 친구들도 더 줄어드는거 같아 우울해.
99,1,사십살인데 결혼 못 해서 불안해.
100,2,후배들한테 잘해 줘 봤자 고마운 줄을 몰라. 
101,1,연애만 구 년째인데 결혼 이야기가 나오지 않아. 나이도 있는데 너무 초조해.
102,1,다음달 병원비가 진짜 많이 나왔어 .
103,1,이제야 노후 연금을 알아보고 준비하고 있어. 너무 늦은 건 아닐지 걱정돼.
104,1,너무 초조하다.
105,2,어제 남자친구랑 싸워서 종일 울었어. 속상해.
106,4,우리엄마는 내동생을 나보다 더 예뻐하는 것 같아서 질투나.
107,4,없는 것도 서러운데. 나쁜놈들.
108,4,난 그냥 이렇게 살다가 죽을 거야. 수술은 무슨 수술 돈이 어디 있다고.
109,0,올 연말에 가족들끼리 설경을 보기 위해 겨울 산행을 하기로 했어. 그런데 아이들이 나와 아내의 체력을 걱정하는 것 있지.
110,5,아빠가 자꾸 오빠 성적이랑 비교하면서 나보고 멍청이라고 해서 너무 화나.
111,3,친구랑 싸워서 기분이 안 좋아
112,4,친구로부터 남자친구가 예전에 학교폭력 가해자였다는 사실을 알았어.
113,4,요즘 가족관계 때문에 너무 괴로워.
114,1,우리 남편이 새로운 사업을 하겠대. 지금 나이가 몇인데.
115,4,나는 호텔조리학과에 가고 싶은데 어른들이 반대해서 곤란해.
116,5,나는 사람들 만나는 게 정말 피곤해.
117,4,친구들보다 내가 체력이 약해.
118,4,요즘은 일할 때 예전 같지 않아. 젊은 부하 직원들보다도 업무 처리 속도가 뒤떨어지는 것 같아.
119,0,회사에서 상여금이 나와서 너무 기뻐.
120,0,상사가 마음에 들지 않아서 오늘 퇴근 후에 입사 동기들이랑 상사 뒷말을 하면서 술을 마셨어. 후련하다.
121,5,돈만 열심히 버느라 벌써 내 나이가 이렇게 되는 줄도 몰랐다니 믿기지 않아.
122,1,내 병이 불치병이라 치료할 수 없대. 전 재산을 걸어도 좋으니 난 더 살고 싶어.
123,4,학교에 가기 싫어.
124,2,건강 하나는 자신 있다고 생각했는데 그렇지 않은 것 같아서 실망했어.
125,2,월급 받으면 일부 저축을 해야지 사고 싶은거 다 사는 딸 보면 속상해
126,0,오늘 회사에서 기분 좋은 일이 있었어.
127,5,오늘 최종 면접 합격 발표날이야! 너무 떨려.
128,5,학교 선생님이 내 성적보고 꿈을 무시해서 너무 화가 나.
129,3,은퇴 후에 일자리를 구하지 못해서 가족한테 미안하기도 하고 면목이 없어.
130,3,고령에 고혈압까지 있는데 노후준비가 안 되있으니 마음이 외로워.
131,5,시누이가 산 아파트 가 몇 억이나 올랐어! 정말 짜증나!
132,2,여자친구와의 연애가 가끔 힘들 때가 있어.
133,0,고장 난 노트북을 고치는 대신 아빠가 최신형으로 바꿔 주셔서 기뻐.
134,0,시험이 한 달이나 남았어. 천천히 공부하면 되겠다.
135,2,학교에서 나를 따돌리는 친구가 있어. 그런 애들이 나중에 커서 더 좋은 직장에 가고 더 돈을 많이 버는 직업을 가지게 될 것 같아서 짜증이 나.
136,1,나이가 들고 병이 있다보니 건강 및 죽음이 점점 다가오니 불안한 감정이 다가가와.
137,1,친구에게 비밀을 털어놓았는데 혹시나 다른 사람들한테 알려질까 봐 불안해.
138,3,나는 유미처럼 예쁘지도 똑똑하지도 않아. 그래서 선생님이 나에게 관심이 없는 거야.
139,4,기운 내시길 응원할게요.
140,5,나는 가난한데 내 친구는 부잣집이라서 나처럼 악착같이 살 필요가 없더라. 너무 억울해.
141,4,오늘 내 친구가 나랑 놀기로 했는데 나랑 싸운 친구랑 놀았어 지금 배신당했어.
142,2,내 단짝이 내신 때문에 다른 학교로 전학 간대.
143,5,학교에서 다른 아이들을 괴롭히는 애들을 보면 구역질이 나.
144,2,아들이 가족과 계속 대화를 거부해. 정말 가슴이 먹먹하고 답답하여 어찌할 바를 모르겠어.
145,2,자식들이 주는 용돈만으로 생활이 전혀 안 돼 너무 슬퍼.
146,0,오늘 동창회에 오랜만에 가서 친구들을 만나서 기뻐.
147,2,요즘 은퇴 이후에 경제적인 여유가 없을 것 같아 걱정이야.
148,4,결혼 후 수입이 들쭉날쭉하네. 
149,3,와이프 때문에 고민이 많아.
150,3,배가 너무 나와서 다이어트를 해볼까해.
151,2,여자 친구가 나 말고도 다른 사람을 만나고 있었어.
152,5,그 할머니께 연락이 안오네.
153,0,나 결혼식 때 친구 몇 명이나 올까? 나는 인간관계를 그동안 잘 해와서 아마 엄청 많이 올 거야.
154,3,애들이 나를 따돌리고 있어. 내가 학교폭력 피해자라는 게 한심하게 느껴져.
155,4,내가 조금만 걸어도 다리가 아파서 힘들어.
156,1,졸업한 지 벌써 일 년이 넘어가는데 아직도 취업을 못 했어.
157,4,이제 사람을 못 믿을 거 같아.
158,0,이제 친구관계가 편해.
159,4,돈이 없으니 사는게 너무 힘들다.
160,3,재수를 할지 그냥 점수대로 대학을 갈지 혼란스러워.
161,2,지난달에 투자했던 주식이 완전 마이너스가 되었어.
162,2,은퇴를 앞두고 생각해보니 후회되더라.
163,4,화장실에서 회사 여직원들이 날 욕하는 걸 들어서 상처받았어.
164,1,나는 돈 관리에 물러서 걱정이야.
165,0,이번에 계획한 프로젝트가 부장님께서 전폭적으로 지지해주셔서 성공적으로 끝났어.
166,2,요새 직장 일이 너무 많아서 힘들어.
167,2,내 꿈은 은퇴 후에 근교 시골에 전원주택을 짓고 사는 거였어.
168,5,아니 경력자만 뽑을거면 나같은 사람은 경력을 어디서 쌓으라는거야?
169,5,남친이 자꾸 뮤지컬 보러 가지 말라고 하는데 진심 짜증 난다.
170,3,내가 지금 다니는 회사에서 슬슬 퇴직하라고 눈치를 주는 것 같아 혼란스러워.
171,2,시도 때도 없이 눈에서 눈물이 나는 이유를 모르겠어. 시리고 아프지도 않은데 자주 눈물을 흘려.
172,4,건강관리하는게 정말 괴로워.
173,0,나 이번에 친한 친구랑 여행을 가기로 했어.
174,3,다이어트를 한다던 언니는 저녁만 되면 못 참고 야식을 먹어
175,3,오늘 반 아이들 여러 명이 나를 때렸어. 나 너무 힘들어.
176,1,있잖아. 얘기 좀 들어줘.
177,0,내가 하고 싶은 꿈이 생긴게 처음인데 정말 만족스러워.
178,3,주말에 쉬지도 못하고 회사에서 일을 했어.
179,1, 친구들 얘기 들어보니까 은퇴 후 귀촌하려고 시골에 땅을 사뒀더라고. 
180,1,나이를 먹어서 그런지 요즘 오른팔이 아프고 힘이 잘 안 들어가.
181,4,얼마 전 남편 사업이 실패해서 어렵게 마련한 아파트를 팔아서 너무 힘들어.
182,2,친구에게 실망했어
183,0,직장이 너무 좋아 상사분들도 다 좋으시고.
184,2,오늘 10년을 같이 일하던 동료가 퇴사 했어. 많이 의지하던 친구였는데.
185,2,돈이 왜 필요한지 염세적인 느낌이야.
186,4,현재 직장에서 일한 지 십 년이 넘어가니 상사에게 치이는 것도 부하직원이 치고 올라오는 것도 너무 힘드네요.
187,5,몇 년째 찾아오지 않는 자식들에게 일부러 나도 연락을 안 했어.
188,5,애인이 허락도 없이 내 핸드폰을 보고 있었어. 너무 화가 나.
189,4,요즘 소화도 안 되고 머리도 아프고 걸어 다니는 종합병원 같아.
190,0,공기 좋은 곳에서 요양하려고 사 놓았던 땅 값이 많이 올라서 정말 다행이야.
191,2,본부장님께서 다른 사람들 앞에서 날 꾸짖으셔서 낙담한 기분이 들어.
192,3,말도 안되. 같이 입사해서 같은 프로젝트를 하고 스펙도 나랑 비슷한데 길동이가 나보다 먼저 승진을 하다니.
193,0,내가 아끼는 보조배터리가 분명 엊그제까지만 해도 있었는데 안보이네.
194,4,가끔 경제적으로 여유로운 친구들이 부럽다는 생각을 자주해.
195,4,딸아이가 갑자기 휴학을 하겠다고 하네.
196,3,오늘 하지 정맥때문에 병원에 다녀왔어.
197,1,요즘 같은 시국에 친구들 만나기가 조심스러워.
198,4,맨날 부모님으로부터 명문대 진학한 오빠랑 비교되는 내가 싫어.
199,5,노후 준비를 위해서 가계 재정 관리를 직접 하고 있는데 아내와 의견 마찰이 있어서 성가셔.
200,3,운동회인데 기분이 너무 좋지 않아. 우울해
201,1,이 회사에서 내가 성장할 수 있을까? 못할 것 같아.
202,0,할머니가 나를 보시기 위해 집으로 오셨어.
203,1,다시 건강해질 수 있겠지?
204,5,지금의 가난에서 벗어나는 길은 죽음뿐이야.
205,5,얼마 전에 정년퇴직을 했어.
206,5,오늘 구역질 나는 걸 봤어.
207,5,나는 가족 먹이겠다고 돈만 벌어오는데 아내는 그 돈으로 동네 아줌마들과 도박을 한다네.
208,5,결혼을 신분상승의 기회로 삼는 친구를 욕했어.
209,3,십 년 전만해도 기부를 했는데 이제는 내가 기부를 받고 있는 처지가 되었으니 허망하고 속상하네.
210,1,입사 동기 친구는 퇴사해서 사장님 소리를 듣네.
211,2,은퇴 준비나 노후 준비는 남들과 비교가 되니 어떻게 해야 할지 모르겠어.
212,4,아이가 고등학생 남자아이라서 그런지 부모랑 말을 많이 안 하는 것 같아 걱정이야.
213,4,친구들이 나를 나쁘게 말하고 다녀서 화나고 억울해!
214,2,결혼하기로 약속한 남자가 있는데 그쪽 집안에서 나를 반대해. 내가 그 정도로 부족한 사람인가 하는 생각 때문에 요즘은 일도 손에 안 잡히고 종일 기분이 우울해.
215,5,신입 직원이 우리 부서의 스타일도 파악 못 하고 말도 안 되는 건의를 너무 많이 해서 거슬려.
216,2,나 좀 전에 비통한 소식을 들었어.
217,5,아내가 열사병으로 쓰러졌는데 근처 병원 문이 다 닫았어. 짜증 나!
218,1,전기세를 내지 않아서 집에 전기가 들어오지 않아.
219,0,결혼을 안 하고 혼자의 삶을 즐기는 이 삶이 나쁘지 않은 것 같아.
220,5,직장 상사에게 매일 혼나고 있어서 구역질 날 것 같아.
221,1,부모님께서 다시 사이가 안 좋아지실까 봐 두려워.
222,3,요즘 아들이 내 연락을 피하는 느낌이야. 도움을 요청한 곳이 아들밖에 없는데 이젠 어쩌지.
223,5,동창회에서 등산 모임을 만들었데.
224,3,알려준 지시사항대로 수정한 건데 기안서를 다시 올리라는 말에 크게 당황했어.
225,4,나 우리 가족이 날 버리고 멀리 떠났어.
226,5,오늘 점심시간에 같은 반 애들이 내 책상에 상한 우유를 쏟아놓았어.
227,1,남편이 요즘 기분이 안좋은거 같아 너무 걱정스러
228,5,가끔 나를 감정 쓰레기통으로 생각하는 친구들이 있는 것 같아.
229,5,남편이 지금도 밤마다 열정이 지나쳐서 불쾌해.
230,2,음식점 아르바이트를 하는데 시급을 안 올려줘서 낙담했어.
231,3,해달라는 대로 자식들을 해외 유학을 보내줬는데 빚만 잔뜩 생겨 당황스러워.
232,4,아이들은 왜 엄마만 따르고 나는 따르지 않을까?
233,0,우리 가족은 내가 공부할 땐 편안하게 해 줘.
234,4,장모님이 몹시 아프시다는데 너무 걱정이야.
235,0,이제 곧 정년이 다가오고 있어.
236,3,이직하려고 하는데 전 직장에서 연봉협상을 제시하네.
237,5,요즘 병원비가 많이들어서 걱정이네.
238,1,지금 이 직장에서 계속 일할 수 있을지 모르겠어.
239,2,친구가 없어서 너무 외로워.
240,0,난 오늘 기분이 좋아.
241,4,누군가가 내 험담을 할까 봐 걱정이야. 그런 감정 때문에 행동이 위축돼.
242,1,항상 나를 위협하는 친구와 함께 학교를 다니고 있는데 너무 두렵고 불안해.
243,3,가족들이 나만 소외시키는 느낌이 자꾸 들어.
244,2,내 정신질환을 상담해주던 의사선생님이 돌아가셔서 정말 가슴아파.
245,3,아프니까 도와줄 사람도 없고 힘들어.
246,3,어제 아이에게 크게 소리를 질렀어.
247,3,이제 은퇴가 얼마 남지 않았는데 노후 준비가 되지 않아서 걱정이야.
248,4,이제 건강에 대해 생각을 해야 될 나이인데...
249,0,오늘 친구랑 쌓였던 오해에 대해 얘기하고 풀었어.
250,5,이번에 합동 과제 하는데 복학생 선배가 얼렁뚱땅 아무것도 하지 않으려고 해서 짜증 나.
251,4,같은 시기에 결혼하는 친구는 시댁에서 집을 해주더라고. 너무 부러워.. 우리는 대출로 시작해.
252,0,적금 만기 환급금이 제법 많네.
253,1,노인정에서 친구들이 죽고 있어.
254,4,우리 손주들은 먼 곳에서 살고 있는데 옆집 할머니는 손주들과 살고 있어서 부럽고 질투가 나.
255,2,오늘 또 면접에서 떨어졌네.
256,5,결혼을 생각하면 구역질이나.
257,5,와이프와 결혼식장을 가야 하는데 비가 올 것 같아.
258,2,내가 괴롭힘을 당할 때면 언제든 찾아와 주겠다고 말해놓고 숨어버렸어. 속상해.
259,2,이번에 우리 과 친구가 교통사고로 죽었어.
260,1,개인적으로 연금보험을 들어갔는데 내가 모르고 해약을 해버렸어.
261,2,직장을 다니다 보니 감정이 마비된 기분이야.
262,4,너무 힘들다. 편해지기는커녕 갈수록 더 힘들어져.
263,0,드디어 나에게도 말을 걸어주고 밥도 같이 먹어주는 친구가 생겼어. 기쁘다.
264,1,친구와의 관계가 불완전한 것 같은 기분이야.
265,0,딸에게서 전화가 왔는데. 건강한 딸을 낳았대.
266,2,관절 기능 문제로 정형외과를 일주일에 세 번이나 갔어.
267,4,아. 이건 거짓말일거야.
268,4,아파서 병원에서 지내는데 아무도 날 신경 안 써. 인생이 외로워서 슬퍼.
269,2,오늘 키우던 강아지가 죽어서 너무 슬프다.
270,1,내 재정 상황을 보니 불안한 마음이 앞서.
271,3,일하는 중에 휴대폰이 울려서 너무 창피하네.
272,3,복지관에서 만난 이성친구가 있는데.
273,2,우리 부모님은 날 사랑하지 않으시는 것 같아 우울해.
274,1,진학하고 싶은 진로가 바뀐거 같아 당황스러워
275,5,자꾸 속이 미식거리고 구역질이 나는게 아무래도 체한 것 같아.
276,0,오늘도 학교에서 친구들한테 왕따를 당했어. 늘 있는 일이지만.
277,3,노인이 되고 몸이 아프니 외로워.
278,5,나는 또 지원금 선정 대상에서 제외되었나 봐.
279,5,우리 가족들만 생각하면 너무 안달나.
280,5,김 부장은 왜 맨날 나에게 본인 일을 떠넘기는 것인지 모르겠어.
281,5,내가 이러고 사는 게 맞나 싶어.
282,3,만성질환 까지는 아닌대 대인관계가 안좋아.
283,1,결혼에 회의적이야. 왜 해야 하나 싶네.
284,5,사람들은 건강에 좋다면 물불을 안 가리나 봐!
285,1,돈 쓰기가 너무 조심스러워.
286,3,교회 친구가 갑자기 절을 가자고 해.
287,5,남편과 이혼을 준비 중인데 공동명의로 해둔 재산이 많아서 번거롭네.
288,5,언니가 내 옷을 몰래 입고 나가서 화가 나서 언니한테 물을 쏟았어.
289,1,취업에 꼭 필요한 자격증 시험을 보고 결과를 기다리는 중이야. 떨어질까 봐 너무 걱정되고 초조한 마음이야.
290,1,내가 직장에서 소외당하는 느낌이야.
291,5,회사가 아무리 바빠도 여름 휴가를 못 간다는 게 말이 돼?
292,2,정말 중요한 회사 자료를 잃어버렸어.
293,2,내가 오늘 친한 친구랑 처음으로 싸웠어. 그 친구랑 다시는 친하게 지내지 못할까 봐 너무 불안해.
294,4,친구가 수업 시간에 방금 내용을 못 들어서  질문을 나에게 했는데 선생님이 떠들었다고 하시면서 혼을 내셨어.
295,3,요새 너무 외로워.
296,5,옷을 환불하러 갔는데 못해주겠다는 거 있지. 
297,4,와이프가 친구 남편이 좋은 차를 샀다고 말해서 부담스러워.
298,4,나도 다른친구들과 같이 시험문제를 맞춰보고싶은데 끼지를못하겠어
299,3,친구가 없어서 혼자 있을 때 너무 심심해.
300,1,내가 재정 관리를 잘 해왔나 싶네.
301,1,친구들과 더 잘 어울리기 위해서는 공부를 열심히 하면 안 된다는 생각에 너무 스트레스 받아.
302,3,돈이 없으니까 자꾸 남이 신경쓰여.
303,5,길에서 담배를 피우다 경찰에 걸린 친구가 난동을 부리는데 너무 어이가 없어.
304,3,결혼은 혐오스러워.
305,1,갑자기 남편에게 사고가 생겨서 병원비가 많이 들어 가게 생겼어.
306,1,내일 처음으로 출근하는데 너무 떨려.
307,4,요양원에 들어오고 사는 낙이 없어졌어.
308,4,주 할아버지가 나한테 이야기도 안하고 광진구로 이사를 갔어.
309,0,이제 자식들이 모두 취업도 결혼도 했어.
310,5,몸이 아픈데 아내랑 자식들은 돈만 쓰고 나는 돌봐주지도 않아.
311,1,나는 아직 결혼 생각이 없는데 결혼하라고 할까 봐 걱정이야.
312,3,이번에 형은 시험을 아주 잘 봤는데 나는 시험을 완전히 망쳐버렸어. 그런데 부모님 때문에 더 힘들어.
313,3,자식 신세를 져야하는 노후준비가 부끄러워.
314,4,친구랑 싸워서 너무 괴로워.
315,2,친구가 우울증으로 자살했대. 취업이 뭐길래 그런 선택까지 하게 됐을까 너무 슬퍼.
316,1,부모님이 내성적 때문에 싸웠는데 어떻게 해야 할지 모르겠어.
317,3,집에서는 고집불통에 까칠하기만 한 아이가 학교에서는 말도 없고 내성적이라니
318,0,오늘 기분이 엄청 좋아. 우리 학교에서 문제 일으키던 애가 전학 갔어.
319,3,옆집 남편은 명품백을 일년에 두개씩 사준대 .
320,2,친구가 내 앞에서 금전적인 고민을 토로하는 이유는 일부러 나를 약 올리는 거야.
321,3,시어머니가 자꾸 임신을 부추기시는데 남편은 내 마음도 몰라주고 너무 무심해.
322,1,아들하고 대화가 없어.
323,4,집에서 가족 간에 황당한 일이 있었어.
324,1,요즘 일하는 것이 부질없다는 생각이 많이 들어.
325,2,정년퇴임을 앞두고 있어서 그런지 다들 날 피하는 거 같아. 친하게 지내는 걸 어려워 해.
326,4,나는 칠십 평생 운동도 하고 건강하게 밥을 먹었는데 폐암 진단을 받았어.
327,5,엄마한테 영어과외 시켜달라 할라고.
328,5,상사가 항상 밖에서 받은 스트레스를 직장에서 푸는 것 같아서 나도 화가 나.
329,3,남편이 그동안 날 속이고 다른 여자를 만나왔어. 너무 혐오스러워.
330,3,오늘 병원을 다녀온 뒤로 너무 혼란스러워.
331,0,부모님이 물려주신 땅을 팔지 않고 놔두었는데 최근 땅 값이 크게 올라 돈을 벌게 되었어.
332,5,딸이 이번에도 취업에 실패했어. 계속해서 취업에 실패하니까 화가 나네.
333,4,이렇게 작은 집에 사는 사람은 나밖에 없을 것 같아.
334,0,최 영감은 나에게 빌린 돈을 꼭 갚을 사람이라고 믿어.
335,3,회사에서 새로운 업무를 맡게 되었는데 이해하기 힘들어.
336,4,취직이 너무 안되서 걱정이야.
337,5,같은 고시원에 사는 누군가가 이름 써놓은 내 반찬을 먹어버렸어. 지금 너무 화나.
338,2,남자들은 오십이 넘으면 다들 그렇게 쫀쫀해지나?  요즘 남편 꼴 보기가 싫어 죽겠어.
339,5,왜 사람은 할 게 많을까? 다 챙기는 거 너무 귀찮아.
340,1,취업 때문에 스트레스받아. 공채채용도 없어지고 어떻게 하면 좋을까?
341,2,자취를 시작한 딸이 걱정되고 불안한데 자주 전화해주지 않아서 슬퍼.
342,4,지금 죽으면 너무 억울할 것 같아.
343,4,취업으로 인해 기숙사에서 지내고 있는데 종종 가족들이 생각나 외로워.
344,1,오빠와 말싸움을 하다가 심한 말을 해버렸어. 어떡하지?
345,0,가족들이 여유로워 보이고 나두 행복해.
346,2,내 성적표를 엄마가 보고 한숨을 쉬셨어. 혼날 것 같아.
347,5,아내가 나 몰래 다른 돈을 모아서 관리하고 있었어.
348,1,난 공부는 진짜 취약해.
349,1,곧 퇴근인데 보고서 수정 요청이 들어올까 봐 불안해.
350,0,자주 듣던 라디오에 내 사연을 적어 보냈는데 당첨돼서 받은 돈으로 병원비를 해결할 수 있어서 정말 기뻐.
351,4,돈이 부족해서 노인 아르바이트를 신청했어. 그런데 이마저도 병을 이유로 거부당했어.
352,2,그동안 열심히 연습해온 마라톤 대회에서 옆집 김씨에게 일등을 뺏겨서 슬프고 비통해.
353,5,여자친구가 연락이 자꾸 두절 돼서 불안해.
354,5,상사가 내게 자꾸 같은 작업 수정을 요청해서 열 받아.
355,5,사람과의 만남을 다소 귀찮아 하시는 군요.
356,1,나의 실수로 회사가 큰 손해를 입었어. 처분이 어떻게 내려질지 몰라서 불안해.
357,1,내 학교 친구가 도막을 하는것 같아.
358,2,가족이 무슨 의미가 있나 싶어.
359,5,남편이 내가 천식으로 고생하는 것을 알면서도 천식치료제를 숨겨버렸어.
360,1,나이가 드니 주위에 친구들이 점점 없어져서 불안해.
361,2,나 코로나 때문에 직장에서 급여를 차감해서 너무 실망이야.
362,0,노인들을 위해 봉사하는 착한 청년들은 아마 다른 동네에는 없을 거야.
363,2,진짜 이 회사에 오는게 아니었어.
364,5,오십 중반인데 이제 노후도 생각해야 되는데 큰일이야.
365,4,선배가 내 실적을 모두 가로채가서 너무 슬퍼.
366,2,엄마랑 아빠랑 사이가 많이 안 좋아. 내가 어떻게 해야될 지 모르겠어.
367,3,여자친구가 나보다 키가 훨씬 커서 사람들이 자꾸 쳐다보는 게 불편해.
368,4,건강검진에서 갑상샘암이 발견되었어. 조기에 치료하면 된다고 하지만 돈이 충분하지 않아서 걱정이야.
369,4,내가 중간고사 성적이 좋아서 선생님께 예쁨을 받는 걸 친구들이 싫어해.
370,2,출퇴근길이 너무 고단해. 
371,0,일 때문에 잠깐 떨어져 살더라도 아내와 내 마음이 식지는 않을 거야. 나는 아내를 믿어.
372,4,나 혼자만 직장에 적응을 못하는 것 같아 힘드네.
373,5,대체 왜 나 혼자만 바쁘게 일하는지 모르겠어.
374,0,은퇴 후에 남편과 세계여행을 다닐 생각을 하니까 너무 기뻐.
375,4,사내에서 여성 동료 두 명이 저에 대해서 안 좋은 이야기를 하는 것을 들었어. 너무 친했던 사이라서 기분이 아주 나쁘고 배신감이 들었어.
376,1,첫 출근이어서 회사에 가는 내내 두려웠어.
377,0,와 정말 다행이다.
378,0,연애 지금 해야 되나? 꼭?
379,1,우리 집안 남자들은 탈모에 아주 취약해. 나도 탈모가 생길까 봐 걱정이네.
380,5,계속해서 핵심을 잡지 못하고 겉도는 회의가 계속되어 답답해.
381,0,아내는 취업한 딸에게 옷을 사준다고 딸과 쇼핑을 하러 가고 나는 카페에서 느긋하게 기다리고 있어서 기뻐.
382,1,오늘 학교에서 내 지갑이 사라졌어. 나 따돌림당하는 걸까?
383,5,친구가 정말 성가시게 해.
384,0,남편이 따뜻한 마음을 가져서 너무 행복해.
385,2,오늘도 학교에서 애들한테 맞아서 상처가 생겼어. 울고 싶어.
386,4,오늘 너무 억울한 일이 있었어!
387,2,모임에 많이 늦은 친구한테 크게 화를 냈는데 알고 보니 어머니가 아프셔서 병원에 있다 왔더라고 정말 미안하네.
388,5,추가적인 합병증이 생겨 내 지출 계획에 차질이 발생했어. 너무 짜증이 나.
389,5,우리 부모님이 내 결혼을 너무 반대해.
390,5,수행평가 점수가 말도 안되게 나왔어. 분명히 다 썼는데 왜 점수를 안 주신거지?
391,0,나 오늘 상사에게 부당한 지시를 받았어. 정말 화가 나.
392,0,우리 손자가 내가 제일 좋다며 병이 빨리 나았으면 좋겠대.
393,3,친구가 나를 위해 밥을 산다고 해도 나도 모르게 짜증이 나.
394,4,뭐야! 성적이 왜이렇게 나왔지?
395,5,내가 죽음을 벌써 걱정하는 게 화나.
396,5,직장에서 과도한 업무로 힘들어.
397,4,병원에서 또 다른 병을 진단받았어.
398,0,지난주는 직장생활 중 가장 기쁜 때였어.
399,3,팀 동료 일하는게 한심해서 아주 스트레스 받고 있어.
400,2,요새 정말 눈물이 나.
401,2,어제 친구랑 싸웠어. 아주 슬퍼.
402,1,지금은 힘들더라도 곧 괜찮아 거예요. 힘내세요.
403,2,내가 부족해서 따돌림 당하는건가?
404,1,내일이면 결혼기념일인데 기대된다.
405,1,따돌림받을까봐 걱정돼.
406,0,우리 반에 어딘가 표정이 안 좋고 불안해 보이는 친구가 있었는데 아무래도 학교폭력을 당하는 것 같더라고. 그래서 내가 몇 번 말을 걸고 했는데도 말을 잘 하지 않았는데 오늘 드디어 나한테 말을 털어놓기 시작했어!
407,2,부모님이 이혼을 하신데.
408,3,저축해놓은 자금이 없어서 부끄러워.
409,1,곧 친언니의 출산일이야. 내가 더 떨리는 거 있지.
410,0,부모님 말씀을 더 잘 들을거야.
411,3,직장에 취업했는데 지원했던 부서가 아닌 다른 곳에 발령을 받아서 당황했어.
412,1,정년퇴직하고 만성질환은 없지만 재정이 불안해.
413,5,나는 왜 이렇게 돈이 없을까.
414,1,집 밖이 더 편한 날이 오다니.
415,3,죽음이 너무 싫어.
416,2,내 진로 선택이 후회돼. 발전 가능성은 없고 정체되어있는 것 같아.
417,2,오늘 친구 하나가 세상을 떠났어.
418,4,정말 배신감 느껴지네.
419,0,내가 거래하는 증권사 직원이 주식 종목을 콕 집어서 추천해 주어서 내일 장이 시작하면 바로 매수하려고 해.
420,0,이게 말이 돼.
421,0,오늘 하반기 프로젝트를 성공적으로 마쳤어.
422,4,이제 나이가 있다는 이유로 나를 믿고 따르던 후배들이 내 은퇴만을 기다려. 충격받았어.
423,2,우리 학교 학생들은 나를 괴롭혀.
424,3,남편이 출근할 때마다 뽀뽀를 하는데 아이들 앞이라 부끄러워.
425,1,독서실에서 공부를 오랜시간 하는데 정작 시험점수가 안나와.
426,5,병원에 다녀온 후 남편의 감시 속에 살고 있어. 진짜 귀찮아.
427,3,우리 부서에 박 대리는 일도 제대로 못하면서 온갖 아부로 대표님한테 잘 보이려고 해서 얄미워.
428,1,졸업을 하고 자격증을 따도 취업에 성공할 거라는 생각이 들지 않아.
429,4,그 교과서를 내가 가져간 게 아닌데 아무도 나를 믿어주지 않아.
430,0,오늘 가족끼리 소풍 왔어. 너무 여유롭고 좋다.
431,1,지금 내가 맡은 업무를 잘하고 있는 것인지 모르겠어. 보람도 없고 힘도 나지 않아.
432,1,재정상태가 불안해.
433,2,여태 모은 돈을 남편이 노름으로 다 날렸어. 앞으로도 계속 그럴 것 같은데 이제 난 어떻게 살아가야 할까?
434,2,공부도 못하는데 왜 공부를 해야 하는지 모르겠어.
435,0,일찍 선택한 진로가 나와 정말 잘 맞는 것 같아 만족스러워.
436,2,친하게 지내던 직장동료가 어젯밤 교통사고를 당했다는 얘기를 듣고 주저앉았어.
437,5,요즘 새로운 친구를 사귄다는 게 어려운 거 같아 나도 모르게 방어하게 되네. 
438,3,회사에 신입이 나보고 어느 대학을 나왔냐고 물어봤는데 부끄러워서 대답을 못 했어.
439,0,내년에 학년이 올라가서 반이 바뀌면 친구를 사귈 수 있을 것 같아 기뻐.
440,1,육아 휴직을 하는 동안 동기들이 모두 승진했다고 해서 초조해.
441,2,내가 좋은 사람이라 잘 결혼한 거 같다는 아내의 말에 눈물이 났어. 고생만 시킨 거 같아 눈물이 나.
442,2,퇴직할 나이가 되어서 그런지 점점 앞으로의 생활이 걱정이야.
443,2,다들 왜 이렇게 수능 점수에 집착인 지 모르겠어.
444,5,요새 젊은 친구들은 끈기가 없어.
445,5,매일 따돌림을 당해서 버티기 힘들어.
446,1,오래 사귄 남자친구가 있는데 이 연애가 맞는 건지 의구심이 들어
447,3,같이 입사한 동료가 오늘 대리로 승진을 했어.좀 부럽네.
448,0,졸업하고 어디로 취업할지 정했어.
449,5,아내의 말을 무시하고 친구들과 등갈비 먹으러 다녀왔는데 마음이 좀 불편하긴 하네. 그런데 아내도 심했어.
450,0,고맙게도 사돈댁에서 건강식품을 잔뜩 보내주셨어.
451,5,오늘 회사에서 짜증 나는 일이 있었어.
452,3,몸이 아프고 혼자 있으니 서글퍼
453,0,저녁 먹고 아내랑 산책하는 게 요즘 사는 낙이야.
454,5,회사 동료가 뒤에서 내 욕을 한다는걸 오늘 알아 버렸어.
455,2,친한 친구가 어제 죽어서 너무 슬프네.
456,1,어제가 월요일인지 착각하고 학교에 갔더니 아무도 없는 거야. 알고 보니 일요일이었어.
457,1,나는 애들이 괴롭히면 표출하는데에 참 취약해.
458,1,친구들이 날 떠날까 봐 불안해.
459,4,회사를 위해서 다른 동료보다 더 희생하면서 일했는데 지금 현재 남은 것은 고혈압과 명예퇴직뿐이야.
460,2,건강 이상신호가 몸 여기저기에서 보여서 걱정돼.
461,2,별 것 아닌 실수로 상사에게 부하직원들 앞에서 욕을 먹었다
462,0,어떤 일을 계획하고 있어. 기대해도 좋아.
463,0,나 중간고사보다 성적이 올라서 기뻐.
464,2,부모님께 미리 잘 해드리지 못한 것이 후회되지만 너무 늦은 것 같아.
465,3,내가 너무 현실에 안주하고 있었나봐. 신입사원 길동이가 입사한지 얼마나 되었다고 팀장들이 관심을 보이냐고.
466,1,요즈음 첫째 아이가 좀 이상한 것 같아 걱정돼.
467,1,요즘 물가가 너무 올라서 카드값이 너무 많이 나와.
468,3,집사람이 요즘 나에게 안 하던 소리를 해서 지금 좀 심란해.
469,5,허리 디스크가 재발해서 다시 일자리를 그만두었어. 너무 힘들어.
470,0,이번에 산악 동호회에 가입했는데 굉장히 좋은 사람들인 거 같아.
471,2,호르몬 때문인가 요즘 별 것도 아닌거에 눈물이 나네.
472,4,어제 화장실에서 대리님이 내 험담을 하는 것을 들었어.
473,0,선생님께 편지를 썼는데 아직 드리진 못했어.
474,4,내 아내가 움직이지 못하는 내 몸을 잡고 계속해서 울었어. 우는 내 아내를 보니 마음이 너무 아파.
475,3,내 재정상태가 너무 싫어.
476,3,친구 취업 면접에 내가 자기소개서를 써줬는데 떨어졌어.
477,4,이번에 이력서 넣은 회사 또 떨어졌어. 취업이 안 될 것 같아 걱정이야.
478,1,요즘 이직 때문에 고민이 너무 많아.
479,2,조만간 은퇴해야 하는데 재정적으로 노후준비가 전혀 안 되어 있어서 큰일이야.
480,0,달마다 통장에 연금과 배당 소득이 들어올 것 같아서 마음이 놓인단다.
481,0,서른 중반 쯤 되니까 이제 인간관계에서 욕심이 없어진 느낌이 들어.
482,1,자식들과 떨어져 사는데 안부 전화가 뜸하면 무슨 일 생긴 건 아닌지 걱정부터 들어.
483,1,내가 괴롭히던 애가 선생님께 학교 폭력 사실을 알릴까 봐 두려워.
484,0,이틀 뒤 우리 아들 내외가 직원 스무 명을 둔 레스토랑을 개업할 거야.
485,2,시험공부를 했는데도 다섯개나 틀려서 슬퍼.
486,5,직장 상사가 회식에 자주 불러내서 매우 성가셔.
487,1,저 직원은 들어온 지 얼마 되지도 않았으면서 머리를 샛노랗게 염색했어.
488,3,중환자실에 연명하고 있는 환자를 생각하면 절망스러움이 느껴져 
489,0,예전엔 왕따 당한 적도 있었지만 요즘은 아니야. 친구들도 많고 항상 즐겁게 지내고 있어.
490,4,내가 방문 건강관리 서비스 대상이 아니라네. 이 몸으로 병원을 갈 수도 없는 노릇인데 큰일이야.
491,5,동네 산책로를 걷다가 구역질이 났어.
492,0,나 신나는 일이 있어!
493,4,직장에서 처음으로 실수했는데 존경하는 상사에게 꾸지람을 받아 충격이고 상처 받았어.
494,5,요즘 회사에서 눈치를 많이 봐.
495,3,직장에서 프로젝트 발표를 할 때마다 너무 부끄러워.
496,3,돈을 꽤 모아놨다고 생각했는데 통장정리해보니 잔고가 없어.
497,2,아들이 나를 닮아 머리가 빠지기 시작해서 너무 미안해.
498,5,학교에 나가기가 너무 싫어.
499,4,그 자리에 없는 친구에 대해 험담을 하는 게 너무 반복되니까 힘드네.
500,2,나보다 못한 동료들이 나보다 빨리 승진해서 의지를 잃고 너무 슬퍼.
501,1,내가 친구들 욕을 했다고 다른 아이가 거짓말을 했어. 모두가 나를 미워해서 속상해.
502,2,내가 암에 걸려서 세상에 대한 미움이 생겼어.
503,2,얼마 전에 아내가 유산을 했는데 아내가 너무 비통하고 힘들어해.
504,0,친구와 화해를 했어. 정말 다행이야.
505,1,은퇴가 다가오니 혼란스러워.
506,5,괜찮다고 갑자기 가슴통증이 심하고 압박감이 있는 거 보니 곧 심근경색이 올 것 같아.
507,4,간암에 걸리니 세상에 혼자 남겨진 기분이야.
508,0,좋은 분 분명 만날수 있으실거에요.
509,1,요즘 남편의 귀가 시간이 평소보다 늦어. 혹시 바람 피우고 있는 건 아닐까 하는 생각이 들어서 겁이 나.
510,3,큰돈을 주고 건강기능식품을 샀는데 사기였어.
511,0,같이 결혼 준비를 하니 신부에게 더욱 믿음이 생겼어.
512,0,이번에 내가 로또에 당첨됐어.
513,0,여자친구 분을 많이 좋아하시나 봐요.
514,2,친한 친구에게 우리 집 이야기를 했다가 괜히 소문만 났어. 이야기한 게 후회돼.
515,1,신입사원에게 일을 지시했는데 신입사원의 실수로 부장님께 내가 혼날까봐 불안해.
516,4,집이 잘 사는 게 부러워 사사건건 친구에게 시비를 걸었어.
517,0,진로를 부모님이 지지해주셔서 감사하고 있어.
518,2,내가 가장 좋아하는 차장님이 타 부서로 발령이 나서 너무 슬퍼.
519,5,연애 과정이 문제가 있으세요?
520,1,굉장히 믿고 의지했던 언니가 있어. 가족보다 가깝게 지냈던 사이야.
521,3,여자 친구에게 청혼을 했는데 생각해 보겠다고 했어.
522,4,자녀들을 키우느라 경제적으로 불우해.
523,2,돈이 너무 없어서 우울해.
524,1,보험들어 놓은것도 없는데 어떡하지?
525,2,친구라 생각했던 사람이 뒤에서 나에 대한 험담을 하고 있었어.
526,1,회사 업무로 인한 스트레스가 점점 심해지는 것 같아.
527,1,대인관계 개선을 위해 볼링 동아리를 들었어.
528,5,나의 약점을 잡고 공격하는 친구들이 있어.
529,5,십 년 넘게 일한 회사에서 은퇴식도 안 해주네. 속상하고 화나.
530,5,어쩌면 좋지?
531,5,친구들이 성가시게 계속 술 먹자고하네. 바빠죽겠는데.
532,5,수학 과외는 더이상 하고 싶지 않아.
533,3,오늘 아침에 일어났는데 갑자기 열이 나고 그러네? 코로나는 아니겠지?
534,1,친구와 통화를 하다가 조심스럽게 노후준비 여부를 물어봤어.
535,4,아무리 아르바이트라지만 억울해서 못 해 먹겠어.
536,2,대인관계가 마비됐어.
537,0,이제 약속 시각까지 삼십 분 정도 남았네. 오분 전까지 도착할 수 있도록 슬슬 나가야겠다.
538,1,난 왜 이렇게 사람들하고 잘 어울리지 못하는 것일까? 내가 인간관계에서 문제가 있는 걸까?
539,2,학교에서 맞고 따돌림당해서 학교 다니기가 무서워.
540,4,나는 그 친구를 때리지 않았는데 아무도 내 말을 믿지 않아서 정말 억울해.
541,2,친구들은 다 진로를 결정했는데 나만 뭘 해야할지 모르겠어서 너무 속상해.
542,3,매달 큰 병원비가 나와서 자녀들에게 말해야 되는데 이런 내가 부끄럽고 싫어.
543,2,친구들은 다 꿈을 향해 나아가는데 나만 제자리인 거 같아서 너무 불안해.
544,3,오빠한테 실수로 내 웃긴 사진을 보냈는데 엄청 놀려서 창피해.
545,0,이번에 진급심사에서 좋은 성적을 받을 거 같아.
546,2,나 오늘도 최종 면접에서 떨어졌어. 나는 안 되나 봐.
547,1,가족간 사이좋게 지내는 게 최고인데 난 지금 그걸 못 하고 있어. 맘이 안 좋아.
548,4,우리 부모님은 우리 형에게만 모든 걸 지원해.
549,4,매일 학교에서 학원 그리고 집 똑같은 하루에 너무 지쳐.
550,3,매일 나만 당하는거 같고 창피해서 학교 못다니겠어.
551,4,애가 공부를 너무 안해 성적이 완전 바닥이라 자꾸 싸우게 돼.
552,1,직장 후배가 회식에서 술을 너무 많이 마셨나봐. 나한테 계속 반말을 하네.
553,3,내가 다니는 학교가 먼 곳에 있어서 나 혼자 자취를 하는데 부모님과 친구들이 보고싶어.
554,2,가장 친했던 동료가 과로로 쓰러졌어.
555,3,따돌림을 왜 하는 걸까?진짜 한심해.
556,3,내일 음악 가창시험이 있는데 생각만 해도 창피해.
557,1,직장 상사에게 카톡을 잘못 보냈어. 친구와 상사 욕한 카톡을 보냈네. 빨리 삭제하긴 했는데 보셨을까?
558,4,동생한테 화를 내고 때렸더니 동생이 상처를 많이 받았나 봐.
559,2,요즘 나이를 먹을수록 점점 내가 능력이 부족한 거 같고 낙담하게 돼.
560,1,나는 말을 잘 못해서 어디를 가든 친구들한테 따돌림을 당하는 것 같아.
561,2,내 나이에 어느 회사를 가야 하며 노후준비를 어떻게 해야 하는지.
562,2,이제 곧 대학교 졸업반인데 막다른 골목에 서 있는 느낌이야. 너무 우울해.
563,1,친구의 장례식에 갔다 왔거든. 갑자기 불안하고 걱정스러운 기분이 되었어.
564,4,누가 나보고 살찐 것 같대. 요즘 다이어트 중이라 많이 먹지도 못해 예민한데 살쪘다는 소리에 상처받았어.
565,4,스스로 생활을 해결해야 하는데 국민연금이 얼마 되지 않으니 생활비 마련 때문에 걱정이 되지.
566,3,내가 대학 안가고 취업할려고 하는데 다른 사람들 눈에는 안좋게 보일까?
567,4,술 담배 안하고 운동도 꾸준히 해 왔는데 살만 찌고 몸이 변하지 않네.
568,1,자식들은 다 결혼해서 분가 했는데 내가 아프면 어쩌나.
569,0,직원들이 상사인 내 뜻에 잘 따라주어서 다행이야.
570,2,나와 같은 병실을 쓰던 사람이 갑자기 의식을 잃은 뒤 사망하니 나도 걱정도 우울감에 빠졌어.
571,0,오늘 너무 기쁜 소식을 들었어!
572,1,오늘도 회사에서 늦게까지 야근을 했어.
573,0,친구하고 오해가 좀 있었는데 그냥 편하게 생각하기로 했어.
574,2,항암치료를 받아야 하는데 너무 괴로울 것 같아서 무서워.
575,0,나 우리 집은 화목하고 다툼이 없어서 늘 맘이 편안하지.
576,2,사람들은 자신의 이익을 위해 친구를 사귀는 것 같아. 우정이란 것은 존재하지 않을 거야.
577,3,옆 침대의 환자가 나보다 늦게 입원했는데도 퇴원은 나보다 빨리 해서 열등감이 들어.
578,2,몇 년전 유방암 완치 했지만 병이 재발했어
579,5,기분 나쁠 때마다 잠수 타는 남자친구 때문에 짜증이 나.
580,0,은퇴한 나에게 경제적으로나 심리적으로 남편이 든든히 있어줘서 기뻐.
581,3,내년이면 고등학생인데 부모님은 아직 내가 어리다고 하셔.
582,4,피아노를 배우는데 학원에서 나만 빼고 전부 다 여자야.
583,1,나는 나의 정신건강이 염려스러워.
584,1,벌써 명퇴해야 한다는 사실이 정말 믿기지 않아. 전혀 예상도 못 했거든.
585,0,대인관계에서 오는 기쁨을 다시 느낄 수 있게 돼서 기분이 참 좋아.
586,0,고혈압 때문에 걱정이 많단다.
587,2,계약기간이 만료됐는데 뽑히지 못해 눈물이 날 것 같아.
588,2,평생을 함께한 와이프가 요즘 많이 아파서 걱정이야.
589,3,김 씨가 당뇨로 입원했어. 있었을 땐 몰랐는데 없으니까 허전하네.
590,0,나는 내 재정이 안정적이라고 믿어.
591,3,힘내시고 잘 이겨내실 거라 믿어요.
592,5,나 너무 화가 나.
593,2,엄마는 오직 성적을 기준으로 나와 동생을 차별해서 내가 너무 서러워.
594,2,결국 유방암 통보를 받았어.
595,3,이번에 아들이 결혼해.
596,2,나이가 먹으니 직장생활이 너무 힘들고 막막해.
597,5,박 과장은 나만 보면 그렇게 짜증을 낸다니까. 나도 싫고 볼 때마다 짜증나.
598,0,어제 병원에서 좋은 소식을 들었어.
599,1,건강하게 살고 싶은데 집안일을 걱정하다 보면 머리가 아파.
600,5,친구가 나를 이용해 보장항목이 별로 없는 암보험 상품을 계약하게 했어
601,4,최근에 집에 전기가 끊겼다네. 전기세를 낼 돈이 부족하여 너무 슬프다네.
602,4,내가 집에서 경제력이 줄어들자 아내와 자식들이 내 말을 무시하기 시작했어.
603,2,그렇게 허무하게 가다니. 정말 남의 일이 아닌 것 같아.
604,4,오늘 청첩장을 받았어요. 솔직히 싫어했던 친구인데 결혼한다고 하니까 질투가 나네요.
605,4,시한부 선고를 받았어. 난 열심히 살아왔는데 너무 억울해.
606,0,선생님께서 빨리 달려와 주셔서 그 애들이 날 못 때렸어.
607,1,취업 걱정이 심해.
608,4,이웃집 사람들의 형편이 안 좋은가 봐.
609,5,딸 결혼자금으로 쓴 돈이 많은데. 내 노후 자금은 저축해둔 게 없어서 걱정돼.
610,4,부모님이 나에 대한 기대를 완전히 버리신 것 같아서 속상해.
611,5,죽는게 구역질이 나.
612,4,돈 많이 벌게 해주겠다고 호언장담하던 박 사장이 결국 내 돈을 들고 날라버렸어.
613,3,요새 엄마가 자꾸 공부하라고 해서 짜증을 내고 집을 나와버렸어. 엄마가 나를 위해 하는 잔소리인데 내가 심했던 거 같아서 죄책감이 들어.
614,5,자기가 검색하면 될 것을 매번 나한테 물어보는 애가 있어서 귀찮아.
615,5,여자 부장 때문에 너무 스트레스받아.
616,1,아내가 잠든 사이 배가 고파서 조용히 라면을 끓이러 주방에 나왔어. 아내가 깰까봐 불안해.
617,5,요즘에 아들이 말이 없이 조용한 편이야.
618,1,나이 들면 아내만 남는다는 말이 진짜 같아. 젊었을 때 아내한테 좀 더 신경을 쓸 걸 그랬어.
619,4,결혼을 하고 난 후에 많은걸 포기했어.
620,3,전 애인이 불쑥 전화해서 당황했어. 지금 사귀는 사람이 있는데 연락을 하자니 아닌 것 같고 몇 번 계속하더라고.
621,0,재정이 많이 힘들었는데 그래도 이젠 괜찮아.
622,0,삼 년 전에 퇴직한 믿고 따랐던 영식이 형을 식당에서 만났어
623,3,내 동기가 승진을 했어 정말 우울해.
624,3,아들은 나의 느린 행동을 못 마땅하게 여겨
625,2,엄마가 나한테 자꾸 화내셔.
626,0,이제 학교 편하게 다닐 수 있겠다.
627,4,노년을 즐기려고 했지만 병에 걸려서 모아놓은 돈이 모두 병원비로 나가고 있어.
628,4,돈이 없으면 정말 괴롭고 불편하다.
629,4,무슨 일이 있으신가요?
630,2,우리집 진짜 지긋지긋하다. 얼른 대학가면 독립부터 해야지.
631,3,최저 임금도 많이 안오르기로 했는데 갑자기 직원들이 월금 인상 해달라고 하면서  파업까지 했어
632,0,손자가 글짓기 대상을 받고 입원중인 아내를 기쁘게 해주었어.
633,5,사람들하고 친해지려고 노력할수록 점점 멀어지는 것 같아. 이젠 뭘 어떻게 더 노력해야 할지 모르겠어.
634,2,요즘 부업으로 학생들을 가르치는데 나의 대학 간판을 우습게 보는 것 같아.
635,5,꼭 들어가고 싶은 회사가 있는데 나이 제한 때문에 지원조차 못 해서 좌절이야.
636,3,오늘 학교에서 선생님과 진로상담을 했는데 나한테 독설을 퍼부어서 증오스러워.
637,5,헤드헌터가 이직할 생각 없냐고 계속 찔러보는데 미치겠어.
638,4,직장 동료들이 내가 고작 명품가방 안 들었다고 이상하게 보네.
639,4,이번에 회사에서 내가 잘못한것도 아닌데 욕을 먹었어.
640,3,회사동기가 갑자기 나한테 아는 척을 안 해. 당황스럽다.
641,2,선생님이 이 성적이면 내가 원하는 고등학교에 갈 수 없다고 하셨어.
642,1,회사에 코로나 환자가 생겨서 갑자기 회사에서 밖으로 나가라해서 힘들었어.
643,4,나는 급여가 생각보다 많지 않아서 안정적인 노후 준비가 가능할지에 대해 걱정이야!
644,1,얼마 전에 박 할머니를 우리 집에 초대했는데 아무래도 실례를 저지른 것 같아.
645,4,우리 부부에 대한 사회의 시선이 좋지 않은 것 같아 속상해.
646,1,이번 점수가 나왔는데 반에서는 꽤 등수가 높게 나왔어. 그런데 기분은 별로 좋지 않아.
647,3,재정적으로 남이 신경쓰여.
648,3,어제 부인 앞에서 그만 방귀가 나왔지 뭐야. 그것도 소리가 제법 컸어.
649,0,저금리 시대여도 은행 예금이 제일 믿을만한 것 같아. 
650,1,과거에 투자한 부동산이 개발제한구역으로 묶인 기억이 있어서 망설여지네.
651,1,과연 내 나이에 새로운 일을 시작해서 돈을 벌 수 있을까?
652,4,아이들이 나를 없는 취급해. 나는 여태 뭘 위해 살아온건가 싶은 생각이드네.
653,1,연애 할때는 좋았는데 결혼하니까 속상한 일이 자꾸 생겨.
654,4,내년에 곧 은퇴할 것 같은데 돈이 없어서 큰일이야.
655,3,몰래 사내연애 하던 두 직원이 헤어지면서 사직서를 냈어. 난 솔직히 이해가 안 돼.
656,5,오늘도 힘들다.
657,2,요즘은 내 앞에서도 싸워.
658,4,건강하던 친구가 갑자기 세상을 떠나서 마음이 힘들어.
659,5,몸이 안좋아서 그런지 모든게 조심스러워.
660,3,퇴직 이후에 사람들에겐 사업 준비 중이라고 하지만 계속 집에서 놀고만 있어.
661,5,나이를 먹을수록 사람에 대한 경계와 의심이 많아지는 것 같아.
662,4,내가 남자친구랑 연애하면서 항상 남자친구에게 맞춰주기만 했어.
663,4,남편이 뇌출혈로 쓰러져 중환자실에 여러 달 동안 누워있었어. 이제 돈도 바닥났고 앞으로 살길이 막막해.
664,2,난 결혼을 하고 싶지 않아.
665,2,코로나 때문에 사람들과의 관계가 멈춰버린 기분이 들어.
666,4,같은 학원에 다니는 친구가 나보다 더 좋은 성적을 받아서 질투나.
667,0,은퇴를 하니 직장 스트레스도 안 받고 모아둔 돈으로 원하던 생활을 하고 있어서 너무 편해.
668,1,친구랑 싸웠는데 초조하고 슬퍼.
669,3,대인관계에 죄책감이 들어.
670,0,오늘 학교 폭력을 신고했어.
671,1,당뇨가 있는데 음식을 가려먹는 것이 힘드네. 걱정이야.
672,3,많이 힘드셔도 그 날이 얼른 오길 바래요.
673,4,건강이 항상 걱정이야.
674,4,오늘 취업 면접에서 떨어졌다는 연락이 왔어.
675,3,중소기업에 취직해서 부끄러워.
676,1,친구가 나의 의견과 맞는지 혼란스러우시다는 거군요.
677,3,교복이 많이 작아졌네.
678,5,이번 프로젝트는 진짜 자신 있었는데 이렇게 끝날 줄이야.
679,3,학교에서 희망진로 적으라고 했는데 고민이야.
680,4,남편이 아프다는데 자식들은 모두 우리 재산 걱정만 해. 믿었던 자식들에게 배신감이 들어.
681,2,야근으로 몸이 피곤하니 모든 게 귀찮아.
682,2,이번 중간고사에서 마킹 실수를 해서 점수가 낮게 나왔어. 정말 마음이 몹시 상하고 시간을 되돌리고 싶어.
683,4,오늘도 야근했어.
684,2,돈을 버는데 수중에는 항상 돈이 없고 나갈 일만 산떠미야
685,1,수술비를 어떻게 마련해야될지 모르겠어.
686,2,반에서 따돌림을 당하는데 모두 방관만 하더라.
687,0,연금만으로 이미 풍족하지만 또 다른 꿈을 도전하기 위해서 카페운영을 시작해서 좋아.
688,4,내가 못나서 아내와 자식들에게 일찍부터 고생을 많이 시킨게 아직도 마음에 걸리네.
689,3,누나의 친구들이 내가 중간고사 커닝한 걸 알고있어 괴로워.
690,4,형이 아빠 차를 타고 나갔는데 사고가 났어. 너무 충격적이야.
691,3,부하직원이 업무를 하다 실수를 했어. 어떻게 대처해야 할지 고민이야.
692,5,와이프의 언행에 위축이 되는 것 같아.
693,0,내 재정 상태는 최고의 상태라고 생각해.
694,0,면접을 너무 못봐서 걱정했는데 합격이래.
695,5,병원에 가야 하는데 나가기 싫어.
696,1,친구가 매번 조금씩 돈을 빌려 가는데 거절하지 못했더니 금액이 꽤 쌓이네. 이제 좀 곤란해.
697,4,이 나이에 쉬다가 일을 하려니까 힘든게 많아.
698,5,언니가 내 성적으론 대학 못 간대.
699,0,이번 기말고사 성적이 올라서 너무 기뻐.
700,2,이세상에서 나만 연애도 못하고 결혼도 못하고 지내는 것 같애.
701,0,군 입대 후 여자 친구에게서 처음으로 편지를 받았는데 너무 새롭고 흥분돼.
702,1,어렸을 때부터 과학자를 꿈꿔와서 이과를 선택했어. 그런데 시험을 보니까 이과는 적성에 안 맞고 문과가 적성에 맞는 것 같아.
703,3,전에 서울역 지하도를 지나면서 느꼈던 감정을 얘기해 볼게.
704,2,언젠가부터 나랑 친하던 친구들이나 다른 반 애들이 나를 피하기 시작했어. 무엇 때문인지도 모르겠고 내가 어떻게 해야 할지도 모르겠어.
705,4,남편 간병하다보니 내 친구들 만날 일이 없어졌어.
706,0,내 얼굴을 보면 안 넘어올 수 없거든.
707,3,가족관계에 죄책감이 들어.
708,2,아이를 낳았는데 산후 우울증이 너무 심해.
709,3,이번 시험을 너무 망쳐버렸어.
710,0,그녀가 나랑 결혼하겠대. 너무 신나.
711,3,오늘 개학했는데 마음에 맞는 친구가 없어. 혼자가 된 기분이야.
712,0,정신 없이 취업준비를 해야 할 졸업 후인데 부모님의 지원 덕에 마음이 편하다!
713,2,나 오늘 너무 슬퍼.
714,2,만성질환이 있는데 노후준비가 되어있지 않아서 걱정이야!
715,1,아들 문제로 학교에 갔는데 폭행당한 아이 아버지가 내 뺨을 때렸는데 엄청 화가 나네.
716,1,지금이 나이에 빚을 가지고 원금은 커녕 이자를 갚기도 급해.
717,5,건강검진에서 아내에게 작은 종양이 발견 되었대.
718,1,사랑에 나이 차가 문제가 될까?
719,0,오늘 정말 기분이 좋아.
720,4,내등급으로 이 대학을 갈수없데.
721,4,오늘도 전화 한 통이 없네.
722,5,자식들이 결혼을 하더니 변했어. 내가 먼저 연락하지 않으면 연락을 하지 않아.
723,1,결혼을 해야할지 혼란스러워.
724,5,연애는 하고 싶지만 결혼은 하고 싶지 않아. 하지만 어느 순간 주변에서는 끝없이 결혼을 강요해.
725,0,우리 아이가 건강하게 태어나서 참 다행이야.
726,3,재정적으로 고립된 기분이야.
727,1,아무도 모르게 괴롭힘 받는 현실이 괴롭고 스트레스 받아.
728,0,난 매력적이지.
729,0,오늘 성적표가 나왔는데 점수가 높아서 너무 만족스러워.
730,4,이제 은퇴하는데 모아놓은 돈이 거의 없어서 힘들다.
731,1,나는 학교폭력에 너무 취약해.
732,0,이제 오십인데 건강검진에서 온갖 성인병에 다 걸렸어.
733,5,나보다 좋은 곳에서 많은 연봉을 받는 친구들을 보면 자존감이 떨어져.
734,1,친한 친구와 돈 때문에 싸우게 됐는데 이제 다시는 보지 못할 것 같아서 불안해.
735,4,다친 곳이 회복이 덜 되었다고 며칠 더 입원하라는데 병원비 걱정에 오늘 일찍 퇴원했어.
736,1,부모님이 자꾸 싸우시네.
737,2,부모님의 기대는 끝이 없어
738,5,나 지금 가족관계로 고민이 있어.
739,2,회사에서 해고 당했어.
740,2,치매 초기라 나는 아직 멀쩡한데 자식들이 나를 요양원에 보내려고 해서 슬퍼.
741,3,빨리 취업해야 부모님 짐을 덜어드릴 수 있을텐데. 부모님께 너무 죄송해.
742,0,나 어제 가족들이랑 외식하러 갔다. 너무 좋았어.
743,3,오늘은 출근길이 왜 이렀게 힘들지
744,0,이제 인간관계에 느긋해지기로 했어.
745,0,이 나이 먹다보니 몸과 마음이 따로 움직일때가 많아.
746,4,아 돈도 없고 힘든데 건강까지.
747,5,내가 일만 하는 기계 같아서 지치고 구역질이 날 지경이야.
748,0,그 친구가 좋아하는 브랜드의 시계야. 마음에 들어할 거야.
749,0,남편이 드디어 승진하게 되어서 정말 기뻐!
750,0,오늘 내 생일인데 회사에서 케이크까지 사서 축하파티를 해줬어.
751,5,왜 나는 시력이 안 좋아서 어렸을 때부터 고생을 했을까?
752,0,이제 다시 건강해져서 다행이야.
753,5,아프고 성가신 구내염 대처법 없을까?
754,4,사람들은 나랑 애인이 애인 사이라고 생각도 못 하는 것 같아. 사회적으로 이해는 하지만 상처야.
755,1,인사팀 담당 임원이 기만적인 행위를 해서 황당해. 인사 처우에서 큰 손해를 봤네.
756,1,임신했는데 하혈을 하고 있어.
757,4,비 오는 날에도 폐지를 줍다가 폐결핵에 재발했어.
758,1,점점 회사 퇴직 시기는 다가오니까 집사람이 나를 짜증 나게 해.
759,1,장사가 너무 안돼 가계 생활비 감당하기도 어려워 너무 힘들어.
760,2,연애하는 사람들 보면 한심해 보여. 혼자서 할 수 있는 일이 얼마나 많은데.
761,2,딸 성적 보고 머리가 마비될 뻔 했어.
762,2,사랑하던 사람이 사고를 당했어.
763,1,나는 가난을 잘 극복할 수 있을까?
764,5,직장에서 있었던 일만 떠올리면 종일 너무 화가 나.
765,2,결혼이란 무엇일까? 한 사람에 얽매이게 하는 결혼 제도 자체가 불합리한 것 같아.
766,5,선천적으로 심장이 약한 나를 큰 소리로 놀라게 한 친구가 있었어. 생각하니 화가 나.
767,2,회사에서 나의 공로를 인정하지 않아서 슬프고 감정도 삐뚤어질 것 같아.
768,1,오늘 친구가 약속 시각에 또 늦었어. 짜증 나.
769,2,칠십년 살아보니 사람을 믿느니 키우는 개를 믿는 게 낫다는 생각이 들어.
770,5,복도를 지나가는데 내 친구의 발을 어떤 아이가 일부러 걸어 넘어뜨려서 참을 수가 없어.
771,3,언니가 건강이 많이 안 좋아졌어. 그래서 부모님이 시골에 갑자기 내려가재. 근데 나는 입시 준비를 해야 해서 이 상황이 너무 난감해.
772,0,이번 주 금요일에 멋진 콘서트 표가 생겼어. 여자친구랑 같이 가려 했는데 그날 안된다는 거야.
773,1,친구들이 나한테 찾아와서 이런저런 부탁을 많이 해. 그런데 이걸 거절하는 것이 너무 어려워.
774,0,내색을 한 적도 없는데 친구가 생일선물로 내가 가지고 싶어 하던 지갑을 줬어. 너무 기뻐.
775,5,요즘 내 대인관계 때문에 화가나.
776,0,성적이 올랐어.
777,5,어떤 애가 너무 마음에 안 들어서 그 애 식판에 침을 뱉었어. 선생님 귀에 들어갔다는데 혹시 징계받으면 어쩌지?
778,4,얼마전에 딸 때문에 너무 충격을 받았어.
779,4,병원에 있는 동안 내 주식이나 부동산을 믿고 맡길 수 있는 사람이 없어서 괴로워.
780,4,나는 정직하게 실력대로 승진했는데 직장동료들은 내가 비겁한 방법으로 올랐다고 오해해서 억울해.
781,2,오늘 엄마한테 너무 심한 말을 한 거 같아.
782,4,학교에서 선생님께 질문했는데 선생님은 물론이고 친구들도 날 비웃었어.
783,0,우리 딸은 항상 옆에서 나를 먼저 챙겨줘. 딸에게 정말 고마워.
784,4,친구한테 시험 끝나고 잘 봤는지 물어봤는데 못 봤다고 하더니 성적은 나보다 잘 나왔더라고.
785,2,의사가 폐암으로 폐를 절제 해야 한다고 하니 걱정이야.
786,4,애들이 나를 무시해
787,2,회사 이제 못다니겠다. 이렇게 벌어서 어떻게 살겠어.
788,5,아내가 갱년기인지 요즘 병원을 다녀.
789,0,우리학교는 학교폭력이 없어.
790,5,대인관계에 안달이 나.
791,1,우울증은 왜 걸리는 걸까? 아내가 우울증이래.
792,0,작년까지만 해도 공부라고는 절대 하지 않았던 내가 열심히 공부해서 대학교에 합격했어.
793,4,나는 외동아들인데 부모님이 맞벌이하셔서 너무 외로워.
794,0,가족들과 있으면 편안해.
795,5,자식들이 나에게 잘하는 게 유산 때문인 것 같아.
796,1,나 같은 문과생은 이과생보다 취직이 힘든 것 같아 불안하고 힘들어.
797,2,정말 속상하겠어요. 챙겨줬는데 못받았으니까요.
798,4,난 이 년 안에 취업못하면 답없어.
799,3,나이 들면서 당황스러운 경험을 한 적이 있어.
800,0,드디어 마음에 드는 전원주택을 계약했어.
801,5,나는 시키는 대로 했는데 일을 못한다는 소리를 들었어.
802,1,매일 반복되는 회사생활이 너무 힘들어.
803,4,야근을 많이 하는데 돌아오는 게 없네. 남는 건 희생뿐.
804,1,요즘 수명이 길어져서 건강관리를 잘해야 하는데 그동안 너무 몸을 혹사시켰어.
805,5,건강검진을 또 받으러 가야 해.
806,0,친구가 좋은 사람과 연애하는거 같아 다행이야.
807,4,아내에게 배신당했어.
808,1,회사 재정이 좋지 않다고 퇴직금을 반만 준다는 거야.
809,3,이제 갱년기가 오는지 요실금이 너무 걱정되네.
810,4,우리 아들이 전화 와서 나를 엄청 놀라게 했어.
811,3,직장을 못 구해서 걱정이야.
812,0,오늘 아내 생일이야. 식당 예약은 끝났고.
813,3,한심하다
814,0,며느리 덕분에 오랜만에 쇼핑을 했어.
815,4,친구가 별로 없어서 외로워.
816,2,지역할당제로 공기업에 취직했는데 퇴사하고싶어.
817,2,결혼을 일주일 앞두고 파혼했어. 그동안 꿈꿔온 행복한 결혼생활이 다 물거품이 되어서 세상이 망한 것처럼 너무 슬프고 아파.
818,2,청춘을 바쳐 회사를 위해 일했는데 이제 나이 들었다고 나가라고 하네.정말 너무하네.
819,1,오늘도 아침 운동을 하고 왔어. 내가 한번 아파 봐서 조금 그 무서움을 알아.
820,1,어제 임신 사실을 알게 됐어. 아직 계획이 없었던 일이라서 당황스러워.
821,1,아직은 하고 싶은 게 없는데 이런 상황에선 대학에 합격한다 해도 하나도 기쁘지 않을 것 같아.
822,1,매일 야근하다보니 너무 피곤하고 스트레스 받아.
823,3,내가 괴롭히던 친구가 자퇴를 한다고 해서 너무 미안해.
824,0,우리 동아리가 우수 동아리로 백만 원을 받게 되어서 너무 기뻐.
825,1,내가 늦게 아이를 낳아서 이제 사춘기인데 걱정이 많아.
826,2,요즘 일이 너무 고돼.
827,4,근로계약서 없이 구두로 계약 후 근무 중인데 벌써 반 년째 월급이 밀리고 있어서 상처 받았어.
828,0,어릴 때부터 친하게 지낸 삼촌이 있는데 삼촌한테 고민거리를 털어놓을 수 있어서 좋아.
829,5,아이 낳을 때 남편이 병원에 오질 않았어. 어떻게 그럴 수가 있지?
830,4,오늘 친구들한테 카카오톡 단톡방에서 욕을 들었어. 이유를 물어봤는데 내가 그냥 싫대.
831,5,명절에 친척분들을 뵈면 결혼 언제 하냐고 물어볼까봐 짜증나고 스트레스 받아.
832,2,아이가 날 닮아 낯을 너무 가려.
833,2,아버지가 내 성적표를 보시고 화나서 나가셨어. 어떻게 하지?
834,4,친구들과의 사이가 안 좋아.
835,4,친한 친구에게 돈을 빌린 것을 빌미로 협박을 하여 친구의 죄를 대신 누명 썼어.
836,4,결혼하니 나라는 사람은 어느새 없어진 것 같아.
837,3,안면홍조가 점점 심해져 부끄러워서 자꾸 거울 앞에서 내 모습을 가리고 싶어져.
838,1,요즘은 건강하냐고 묻는 게 영 조심스러워.
839,0,그녀도 나와 같은 마음 이었다는 사실을 알게 되자 마음이 편안해 졌어.
840,5,내 친구를 은근슬쩍 따돌리는 애들 때문에 진짜 너무 화가 나.
841,0,나는 나의 선배를 믿을 수 있어.
842,1,약혼자가 갑자기 헤어지자고 말했어. 무척 당혹스럽다.
843,2,나 오늘 엄마한테 언제까지 직장도 없이 용돈이나 받아 쓸 거냐고 잔소리 들어 너무 슬펐어.
844,5,여자친구랑 여행을 갈려고 하는데 여자친구는 자꾸 거절해.
845,3,몇 년 동안 성적이 일정해서 고민이야.
846,0,몸이 안좋아서 건강검진받았는데 결과가 잘 나와서 만족해!
847,1,나는 연애가 뭔지 모르겠어.
848,0,남편은 항상 출근전에 나에게 사랑한다고 말해줘
849,0,이 나이에도 챙겨주는 친구가 있다는게 참 고맙네.
850,5,아내가 건강검진에서 작은 종양이 발견되었는데 너무 마음이 낙심돼.
851,2,가장 믿었던 회사 동료가 뒤에서 내 말을 하고 다녔더라. 진짜 너무 실망이고 속상해. 내가 그렇게 잘해줬는데 겨우 한다는 일이 뒷말이라니. 난 뭘 위해 그렇게 배려하면서 살았을까?
852,3,직장 후배가 너무 한심해.
853,3,드디어 취업할 기회를 얻어서 면접을 봤는데 너무 당황스러웠어.
854,3,학교에서 따돌림을 당하고 있어.
855,3,벌써 고등학생인데 남들보다 공부속도가 많이 떨어져.
856,3,오늘 우리집이 곧 이사를 가게 됐다고 엄마가 알려 주셨어.
857,4,노후 준비로 친구들이랑 계를 했는데 한 달 전부터 계주가 연락이 안 돼.
858,1,아내가 몸이 유독 약해서 내가 밖에서 일하고 와도 집안일까지 하고 있어.
859,3,상사가 너무 한심해. 어떻게 그 연차가 되도록 보고서 작성 하나 못할까?
860,2,큰 충격을 받으셨나봐요. 이 상황을 해결 하기 위해 어떻게 하실 건가요?
861,1,오늘 내시경 검사에서 이상소견이 나와 조직검사를 했어.
862,1,평생을 익숙하게 해왔던 일들이 점점 자신감이 없어지고 실패에 대한 두려움이 앞서고 있어.
863,5,나는 연애는 해도 결혼은 절대 하고 싶지 않아.
864,3,내가 뇌척수막염 때문에 말만 더듬지 않았어도 아내와 말다툼을 할 때마다 항상 이겼을 거야.
865,3,거리에서 아내에게 화가 나서 손찌검을 할 뻔했는데 사람들 때문에 당황스러워서 자리를 피했어.
866,2,나름대로 성실히 직장생활하고 능력도 발휘했다고 생각하는데 몇 년째 승진 못 하고 있어.
867,4,요새 자꾸 우울하게 죽음에 대한 생각이 많아. 그런데 말할 사람이 없어서 외로워.
868,2,오늘 학부모 면담이 있다고 해서 학교를 갔는데 딸이 나를 못 본체 하는데 슬펐어.
869,4,남자친구와 헤어졌어. 언제는 평생 행복하게 해줄 거라더니 정말 나쁜 사람이야.
870,5,반 친구 괴롭히는 소리가 너무 시끄러워서 짜증나.
871,3,나이가 오십세인데 건강이 안 좋아서 고립된 기분이 들어.
872,3,아빠가 친구들에게 농담할 때는 부끄러워.
873,2,오랫동안 친하게 지냈던 친구가 교통사고로 갑자기 죽었어. 시간이 꽤 지나도 기분이 이상해.
874,2,매번 만나주지 않는 친구들 때문에 속상해.
875,3,내가 죽으면 장례식에 와 주는 사람이 있을까?
876,3,도대체 사람들 마음은 알다가도 모르겠어.
877,4,최근에 아이를 낳아서 아무것도 못하고 힘들어.
878,0,남편을 만난건 정말 행운인거 같아.
879,5,중요 프로젝트가 팀 경쟁으로 번졌어. 너무 걱정이야.
880,2,직장에서 프로젝트를 진행하고 있는데 내가 제안하는 건 모두 거절당했어. 믿어지지 않아.
881,5,친구와 같은 회사에 지원했는데 내가 더 이력이 좋았는데도 떨어지고 친구가 되었어. 알고 보니 회사에서 내정된 상태였다고 해. 노력이 수포가 되어서 정말 화가 나고 분해.
882,5,돈이 없어서 당뇨약을 건너뛰었더니 합병증이 올수도 있대. 너무 좌절감이 느껴져.
883,4,오늘 나를 괴롭히는 친구가 숙제를 대신 해오라고 했어. 너무 힘들어.
884,3,친하다고 생각한 직장동료와 사이가 멀어진 것 같아.
885,1,딸이 교우관계로 고민한다고 해서 걱정스러워.
886,3,노후준비를 못한 내가 너무 혐오스러워.
887,1,오늘 친구들과 모임이 있었는데 친구 둘이 싸우는데 정말 민망했어.
888,2,특별한 병이 없는데도 늙고 힘이 없으니까 아무 일도 할 수 없어.
889,3,연금 제도라는 것에 대해서 지금까지 제대로 모르고 있었어.
890,5,심장병이 나빠져 남들이 알까봐 방어적으로 변하고 있어.
891,1,이년동안 병 치료하느라 돈을 많이 썼어. 재정이 안 좋아서 불안해.
892,4,아들이 내가 방문 판매하는 일을 창피하게 생각하는 거 같아.
893,2,요즘 학교에서 반 아이들이 모두 나를 피하고 나의 험담을 해. 내 얘기를 들어주는 사람이 한 명도 없어.
894,5,엄마랑 감정적으로 너무 다투다보니까 이젠 얘기하자고 하면 벌써 싫어져.
895,1,진로를 내가 원하는 거로 바꿀 큰 결심을 하고 조심스럽게 부모님에게 말할 기회를 찾고 있다.
896,0,관절 통증이 줄어 가족들과 여행가기로 해서 기뻐.
897,0,수지는 성격이 특이하지만 내게 관심 많이 가져줘서 좋아.
898,4,건강 상태에 충격받았어.
899,2,아무래도 친구가 나 때문에 화가 많이 났나 봐. 아무리 전화를 해도 받지 않아.
900,4,오늘 어떤 아이가 질투심에 다른 아이를 때렸어.
901,0,얼마만의 우승이냐! 응원하던 프로야구팀이 이번엔 우승까지 했어. 믿을 수 없어!
902,2,오늘 동아리 친구의 실체에 대해 알게 되어 너무 실망스러워.
903,5,약속마다 매번 늦는 친구가 있어. 한두 번도 아니고 맨날 기다리기 싫어.
904,0,고백에 성공했어!
905,1,아빠가 내 중간고사 성적표를 보신 날엔 집에 들어가는 게 무서워.
906,3,가족한테 죄책감이 들어.
907,1,김 씨 할머니가 등산하다가 또 빈혈로 쓰러지지 않도록 물과 약을 챙겨왔어.
908,5,집에 빨리 가서 쉬고 싶은데 회식이 끝날 생각을 안 해. 재미가 없어.
909,5,결혼은 성가신 것 같아.
910,1,은퇴 자금으로 뭘 하는게 좋을까.
911,5,방학이 된다면 적어도 날 괴롭 히는 아이들을 만날일이 없으니 하루라도 빨리 방학이 됐으면 좋겠어.
912,3,친구가 나 기다려주느라 지각한건데 벌점 매겼다고해서 미안해.
913,2,처녀시절부터 담배를 꾸준하게 피웠더니 몸이 너무 안좋아진게 느껴져. 담배를 피우기 시작했던게 너무 후회돼.
914,1,친구가 갑자기 저한테 서운하다고 연락이 왔어. 왜 나보고 연락을 안 하냐고 묻더라고.
915,4,정말 내가 믿었던 두사람한테 이렇게 뒷 통수 맞으니까 진짜 어이없다.
916,5,응. 요즘 너무 힘들어.
917,5,병원도 안가는데 보험으로나가는 돈이 대체 얼마야?
918,2,보험설계사로 일하는데 딸이 이 직업이 부끄럽다고 해서 우울해.
919,0,오늘 와이프 생일인데 깜박했어! 난 죽었다!
920,2,휴. 부모님께 뭐라고 말씀드리지?
921,1,갑자기 명예 퇴직 인사 이동 발표 됐어. 은퇴 준비를 해야 할 꺼 같아.
922,2,생일에 친한 친구한테 연락이 안 와서 실망했어.
923,5,살고 있는 원룸을 재계약해야 하는데 집 주인이 금액을 올리며 맞게 내던지 아니면 나가라고 했어.
924,0,급한 업무가 무사히 마무리 되고 박 과장님이 더 이상 재촉하지 않아서 마음이 편해.
925,1,결혼하면 정말로 삶이 안정적일까?
926,2,아무래도 갱년기인가 봐 별것도 아닌 일에 자꾸 싱숭생숭해지고 내 앞날이 깜깜하고 답답하고 그러네.
927,2,병원에서 위암 진단을 받았어.
928,1,내가 말 하나라도 잘못하는 날에는 친구들이 나를 떠날까봐 불안해.
929,0,그동안 열심히 살았더니 돈 도 꽤 모였어.
930,3,나는 왜 이렇게 건강하지 못해서 돈을 날리는지.
931,0,내 건강 상태는 세계 제일이야.
932,1,나 몇일 뒤에 결혼하는대 너무 걱정이 많아.
933,1,친한 친구가 다짜고짜 나에게 욕을 퍼붓고 전화를 끊었어. 무슨 일인 거지?
934,3,연애 중인데 우리는 차가 없거든. 그래서 데이트하러 갈 때 좀 불편한 점이 있어.
935,2,마흔 넘어서 낳은 자녀에게 너무 실망 했어.
936,2,회사에서 일 하는 게 예전만큼 즐겁지 않아. 슬픈 일이야.
937,0,드디어 여행 계획이 완성되었어. 친구와 함께 갈 생각이야!
938,1,요즘 바빠서 여자 친구를 못 봤는데 어제 보니까 얼굴이 상처투성이가 돼서 나타났어.
939,3,다들 승진을 했는데 나만 못 해서 가족들에게 너무 미안해.
940,4,요즘 죽음에 대해 생각하다보니 고립감을 느껴.
941,2,평생 돈을 모아서 뭘 하겠어.
942,0,아들이 고혈압 치료비로 쓰라고 통장에 돈을 많이 넣어주어 다행이야.
943,3,아내가 말도 없이 친구들과 여행을 갔어.
944,5,이번 달에 부하직원 큰 사고를 쳤어. 수습이 안 돼.
945,1,내가 어떤 고등학교에 가야 할지 확신이 서지 않아서 신중하게 선택을 해야만 하는 상황이야.
946,1,혈당이 많이 내려갔어! 정말 기뻐.
947,1,자영업이 안 된다고는 하지만 최근 들어서는 계속 적자가 나니까 마음이 힘드네.
948,5,남편이 바람 피우는 여자를 내 앞에 데리고 와서는 이혼하자고 했어.
949,1,정신과 약을 받았는데 부작용 때문에 먹어야 할지 말아야 할지 혼란스러워.
950,5,아내가 지어준 보약을 챙겨 먹어야 하는데 귀찮아.
951,5,직장구하는거 너무 스트레스받아.
952,1,내 주변에 있는 사람들 중에는 제대로 된 사람이 없는 것 같아.
953,0,이제 은퇴도 했으니 재정에 목매이지 말고 느긋하게 살래.
954,2,자꾸 뒷머리가 띵하니 아프네.
955,3,몇 번 제대로 만나지도 않은 사람이 나한테 갑자기 사귀자고 해서 당황스러워. 나에 대해 뭘 안다고 사귀자는 걸까?
956,1,업무 때문에 너무 혼란스러워.
957,0,돈 관리 어떻게 해? 투자도 해?
958,4,추석이 다가와서 너무 싫다. 
959,4,아들이 등산 배낭을 챙기길래 나도 함께 가자고 했더니 거절하고 혼자 가 버렸어.
960,1,나는 나이가 많아서 입사에 불리할 것 같아 걱정돼.
961,1,환갑이 넘으니 친구들과 있어도 불안해.
962,4,아빠가 엄마를 처음 때린 걸 본 이후에 그 순간이 아직도 생각나.
963,3,주변 친구들은 모두 결혼하고 출산도 해서 다들 시간이 없대.
964,1,나 친구 때문에 요즘 불안해.
965,0,내 친구는 아주 작은 일에도 성실하게 임하는데 세상에 그만한 사람이 없다고 생각해.
966,0,회사 사람들과 잘 맞는 것도 참 감사한 일인 것 같아.
967,5,이번 추석에 고향에 내려가기 싫어.
968,3,이제 노후준비를 하다보니 혼란스러워.
969,0,매일 먹었던 한약 덕분에 소화불량이었던 체질이 개선되었어.
970,5,남편이 내가 몰래 숨겨놓은 비상금으로 계모임에 넣은걸 알고는 화를 내는데 나도 화가 나고 짜증나.
971,1,친구들과 만났을 때 내 몫의 비용만 냈더니 친구들한테 쪼잔하다는 얘기를 들었어. 너무 당황스러워.
972,5,전화가 자꾸 와서 성가시네.
973,1,요즘 회사 사람들과 잘 지내는 게 힘든 거 같아.
974,5,공부가 내 길이 아니라 공부를 안하는 것 뿐이야.
975,2,내 자식이 나보다 먼저 세상을 떠났다는 소식을 접해서 너무나 슬퍼.
976,2,있는 돈을 다 자식들 대학 보내느라 썼더니 통장에 얼마 남지 않았어. 우울해.
977,2,오랜만에 친구를 만났어.
978,4,부서원 사람들과 대화가 잘 안 돼. 얘기하다가 끊기고.
979,0,이번에 국가에서 나의 질환에 대한 보험 보장을 늘려준대 .
980,5,주말에 회사에서 등산을 간다는데 가기 싫어.
981,4,나는 지금까지 살면서 내 맘대로 못해 본 것이 너무 많아.
982,3,새로 맡은 업무가 익숙하지 않아서 내가 실수했는데 박 과장님까지 부장님께 야단맞았어.
983,5,아내에게 기립성 저혈압이 있어
984,5,다들 나를 따돌려서 어떻게 해도 다른 아이들과 친해질 수 없을 것 같아.
985,4,내 가게에서 같이 일하는 사람들을 우선적으로 신경 쓰고 챙겨줬는데 막상 돌아오는 건 없어.
986,4,같은 반 아이들이 자꾸 불우이웃이라고 놀려.
987,5,아내가 바람을 폈어.
988,0,안녕? 회사에서 좋아하는 사람이 생겼어. 
989,5,내가 언제까지 자식들을 금전적으로 도와줘야 하지? 아직까지도 용돈을 바라는 자식들에 화나.
990,1,친구가 날 소중히 여겨주지 않는 것 같아.
991,2,기억이 가물가물하고 주위에서 내가 같은 이야기를 반복한다고해서 치매 초기 진단을 받았어.
992,0,노인정 박 씨가 관절염에 좋다고 준 약을 챙겨 먹었더니 통증이 사라져서 너무 기뻐!
993,3,옆집 철수는 서울대에 간다는데 우리집 딸은 내신이 엉망이라 걱정이야.
994,2,재정문제로 비통해.
995,1,어제는 집사람과 은퇴 후의 생활에 대해서 계획을 대충 세워봤어. 우리 둘 다 은퇴 후에 생활비는 얼마나 들어갈지에 대해서 말이지.
996,0,요즘 일에 너무 만족하고 있어. 고등학교 선생님이 아니었다면 불가능했을거야.
997,4,친구들은 직장에 다니는데 나만 육아하니까 고립된 기분이야.
998,5,친구랑 이렇게 사이가 멀어질 수도 있구나 싶다!
999,4,내가 마음에 두고 있던 선배가 내 친구를 좋아하고 있다는 사실을 알아버렸어.
1000,3,친구의 보고서를 몰래 배꼈어. 기한을 맞추려면 어쩔 수 없었지만 계속 마음이 불편해.
1001,4,중년이 되니 건강도 예전같지 않고 버려진 느낌이야.
1002,3,딸이 이혼한 뒤 내가 손자를 맡게 되었어. 근데 손자가 나를 창피해하네.
1003,1,돈 상태가 당황스러워.
1004,2,요즘 피부에 탄력이 떨어진 게 눈에 띄네.
1005,1,내 딸이 걱정돼.
1006,3,아내는 한 번이면 알아들을 말을 몇 번씩이나 반복해서 말해서 듣는 사람을 피곤하게 만들어.
1007,5,이제 노인정에 나가도 건강한 사람 하나도 없어.
1008,2,사람들이 과연 나를 사랑해서 고백을 하는걸까요?
1009,4,만성 질환을 앓아서 각종 약을 먹는데 이제 약값을 낼돈이 없어서 강제로 약을 중단했어요
1010,0,반에서 따돌림 당하는 친구가 있어. 어떻게 같은 친구끼리 그럴수가 있지?
1011,5,의사가 가족들에게 몰래 마음의 준비를 해야 한다고 말하는 것을 들었어.
1012,4,나만 직장에서 자꾸만 희생되는 것 같아.
1013,2,나이가 들어도 사람 사귀는건 쉽지가 않아서 우울해.
1014,1,아플 때 누군가 내 곁에 있어 주면 좋겠지만 자식들은 직장생활 하느라 바빠서 불안해.
1015,0,어떻게 하면 아프지 않고 잘 죽을 수 있을까?
1016,5,면접 본 회사에서 어제 탈락했다고 하더니 오늘 나와 달라고 연락이 왔어.
1017,1,지금 남자친구와 결혼을 계획하고 있어. 이 선택이 옳은 선택일까?
1018,1,친구가 생활고에 시달려서 내 자취방에서 함께 지내자고 하는데 너무 불편해.
1019,5,내 젊음도 다 갔지만 마음만은 청춘이야.
1020,5,어버이날인데 어찌 제 엄마만 쓸 수 있는 걸 선물하냐. 대놓고 뭐라 할 수도 없고 정말 섭섭하네.
1021,4,대인관계에서 상처를 너무 많이 받았어요 어떻게 하죠?
1022,3,밖에 나갈 때마다 사람들이 늙은 나를 어떻게 바라볼지 신경이 쓰여.
1023,0,내가 지원한 학교가 모두 불합격이야. 너무 화가 나.
1024,3,직장에서 상사가 계속 업무를 지적해서 스트레스 받아.
1025,3,여자친구한테 어떻게 맞춰주어야 할지 모르겠어.
1026,4,아래 직원들이 능력이 부족해서 진짜 스트레스 받아.
1027,3,남편이 술 마시고 또 늦게 들어왔어.
1028,4,젊은 아가씨가 지나가면서 나에게 거지라고 말하는 것을 들었어. 수치스럽고 화가 나.
1029,3,그 친구가 다른 친구를 괴롭히는 걸 목격했는데 놀라서 아무것도 할 수 없었어.
1030,5,돈도 못 벌어 오면서 가장이랍시고 군림하는 아빠가 너무 싫어.
1031,0,드디어 오늘 프로포즈하고 승낙도 받고 끝이 나 마음이 편해.
1032,2,나이가 들고 병이 들다보니 건강도 나빠지고 죽음이 다가 오니 세상이 나쁘게 보이고 부정적으로 보여.
1033,3,공부를 못하는 사람들이 한심해.
1034,1,은퇴해서 새로운 사업을 하자는 사람이 있는데 그동안 혼자 일했던 터라 동업이 조심스럽네.
1035,3,요즘 밤만 되면 죽고 싶어.
1036,5,내일 간만에 친구를 만나서 놀기로 했어. 기대된다.
1037,5,어제 학교에서 친구들에게 따돌림을 당했어.
1038,1,사람들과 잘 지내려면 어떻게 해야 하는 게 옳을까?
1039,5,쉬는 날 아내가 자꾸 놀러 가자고 해서 성가셔.
1040,3,요즘 들어서 건강에 대해 두렵고 자신이 없어!
1041,4,오래 사귄 친구녀석이 부동산 가격이 올라 큰 돈을 벌었다더군.
1042,5,아내가 나와의 대화에 얼마나 방어적인지 몰라.
1043,1,생각보다 회사 일이 너무 힘든데 더 어려워지기 전에 그만둘까?
1044,0,갑작스런 수술 진행에 큰 돈이 필요했는데 장롱 속에 넣어둔 돈으로 수술을 받을 수 있었어.
1045,1,죽기 전에 미련 없어야 한다는 생각 때문에 매일 마음이 급해.
1046,1,아직까지 건강한데 나이가 들면서도 안아프고 계속 무탈했으면 좋겠어.
1047,5,하루하루 너무 힘이 들어. 학교에서 나를 괴롭히는 친구들이 있어.
1048,1,계속 이렇게 생명을 연장하는 것이 맞는지 회의적이야.
1049,4,기분이 너무 나빠서 울고 싶어
1050,4,내가 주변인들한테 고립됐다는 생각이 들어.
1051,1,흑!   친구가 당하고 있는데 무서워서 도망쳤어.   도와주겠다고 약속했는데.
1052,2,부모님이 이혼하실꺼래. 우울해.
1053,5,요즘들어서 부모님이랑 싸우는 일이 많아졌어. 나는 그런 의도로 말한 것이 아닌데 자꾸 말싸움을 하게되어서 너무 짜증나.
1054,1,아픈 남편을 보다 남편이 없을 때를 상상하면 가슴이 철렁해.
1055,4,친구한테 돈 좀 빌리려니까 핑계대면서 안 된다네. 믿는 친구였는데 마음에 상처가 돼.
1056,5,얼마 전에 인터넷에서 건강에 좋은 영양제가 있다고 해서 샀는데 유사 제품보다 열 배가 비싸네. 너무한 것 같아.
1057,0,이제야 어떻게 공부해야 할지 좀 알 것 같아.
1058,1,나는 결혼에 회의적이야.
1059,2,종종 그럴때가 있어요. 무슨 일이 있으셨나요?
1060,0,어제 건강검진을 받았는데 그 전에 있던 질환이 좀 나아졌다는구나. 이제 은퇴도 얼마 안남았고 하니 남은 인생은 편안하게 주변사람들 챙기며 살고싶다. 어떻게 생각해?
1061,3,회사 사장이 너무 싫은데 그 앞에서는 웃으면서 있어야 한다는 게 정말 싫다.
1062,3,오늘 부모님이 크게 싸우셨어.
1063,5,내 동료가 나한테 악의적인 감정이 있는 것 같아.
1064,4,여자친구가 연락이 되지 않아 슬퍼.
1065,2,걔네가 시키는 대로 하는 것도 지쳐. 이젠 그냥 다 끝나기만을 기다리는 상황이야
1066,0,건강 검진 결과가 나왔어! 다행히 별문제는 없다고 해.
1067,4,파혼을 했어. 너무 속상하고 믿기지 않아서 어떻게 해야 할지 모르겠어.
1068,5,이번에 신규 사업 결과가 좋지 않았어. 그래서 내 인사 평가에 영향을 미칠 것 같아 화가 나.
1069,1,남자친구는 안 그러는데 오히려 시어머니가 되실 분께서 굉장히 값비싼 예단을 요구해서 혼란스러워.
1070,5,아들이 내 차를 빌려갔는데 출근하지 전까지 오지 않아.
1071,1,가뜩이나 힘든데 돈쓸일이 너무 많아졌어.
1072,2,나 참 기가 차서. 나이 든 사람이 하는 사업체라고 투자를 하지 않겠데.
1073,5,방송을 보니 별일이 다 있네.
1074,0,아주 만족해.
1075,4,친구도 아니고 가족한테 배신당해서 너무 상처받아.
1076,3,이 나이 먹도록 연애 한 번 못 해봤어.
1077,0,철수는 참 믿음직스러워.
1078,1,몸이 아파서 집에만 있었더니 너무 외로워.
1079,0,친구가 오늘 시상식에서 내 이름을 불렀어. 너무 감격이야.
1080,2,내 전공과 관련이 있어서 직무 변경을 했는데 전혀 관련이 없어서 너무 속상해.
1081,5,사람들에게 악의적으로 대하고 있어.
1082,2,돈이 없어서 슬퍼.
1083,5,간암에 걸려서 간이 필요한데 자식들이 검사를 거부해서 씁쓸하네.
1084,2,월급도 제때 안 주고 야근만 주구장창 시키는 회사가 그냥 망했으면 좋겠어.
1085,5,나는 한번씩 와이프의 행동을 보면 구역질 나.
1086,1,나는 소중한 친구라고 생각했는데 말도 없이 연락이 두절됐어. 내가 생각했던 만큼 이 관계가 두텁지 않았던 걸까?
1087,4,동문회 동호회에서 연락이 와도 나가기 싫어져.
1088,1,출산 예정일이 지나서 당혹스러워.
1089,1,부하직원이 사고를 친거같아.
1090,3,이번에도 금연 실패야. 속상하네.
1091,0,막내딸이 결혼을 하는데 돈을 보태줄 수 있어 너무 기뻐.
1092,5,상사가 나한테만 일을 몰아줘서 힘들어.
1093,0,이제 느긋하게 살아보려고. 중년인데 뭘 그렇게 애쓰면서 살겠어.
1094,2,정말 믿었던 친구가 나를 때렸어. 정말 그런 애인 줄 몰랐는데 말이야. 당황스러워.
1095,3,어제 집에 벽을 보니 금이 가서 놀랐어.
1096,5,내 나이가 몇인데 아빠는 살쪘다고 잔소리를 해.
1097,4,집이 가난해 남자친구 집안에서 요구하는 예단을 맞추기가 힘들어.
1098,5,아내가 말귀를 못알아 먹어.
1099,4,계속해서 직장 생활을 너무 열심히 했는데 경제적으로 너무 힘들어.
1100,5,내 돈 주고 내가 사먹겠다는데. 내가 이런 취급을 당하다니 원.
1101,2,코로나인데도 결혼식장 예약이 꽉찼어.
1102,3,요즘 남편 발 냄새가 너무 심해서 고민이야.
1103,5,아내가 너무 성가셔.
1104,2,이제는 지긋지긋해 정말.
1105,4,이번 달은 생활비를 너무 많이 써서 많이 쪼들릴 것 같아.
1106,4,이제 직장에서도 은퇴해야하는데 노후로 준비해 둔 집을 아내가 팔아 그 돈을 갖고 도망가버렸어 어떻게 해야할지 모르겠어.
1107,0,학교에서 친구들에게 따돌림을 당했는데 선생님께 도움을 요청해서 일이 잘 해결되었어.
1108,1,우리 자식이 오늘 시험이야.
1109,2,영어교습이 잘 되어 은행 대출도 보태고 해서 더 큰 아파트를 사들여 이사했어. 그런데 코로나 사태가 터져 교습대상 학생들이 전혀 들어오지 않으니 정말 큰 일이야.
1110,2,저번에 아빠와 싸운 이후로 말을 안 해.
1111,5,벌써 세 번째 직장을 옮기다 보니 재취업이 될 수 있을까 좌절되네.
1112,2,친하지도 않은 선배가 갑자기 연락이 오면 어떨 것 같아?
1113,3,얼마 전에 지갑을 잃어버려서 지갑이랑 카드 그리고 돈 모두 잃어버렸어.
1114,4,모임에 나갔다가 회비를 냈는데 안냈다고해서 속상해.
1115,1,학교를 마치고 집에 돌아왔는데 현관에서부터 누나 울음소리가 들렸어.
1116,1,오늘 은행으로부터 투자한 펀드가 원금 회수가 되지 못할 가능성이 높다는 연락을 받았어.
1117,4,서로 다른 상황때문에 그런 기분을 느끼게 되신거군요.
1118,3,늘어가는 내 뱃살을 보면 저절로 한숨이 나와.
1119,4,이번에 나이가 들면서 건강이 처음으로 악화가 되었어. 그래서 계획을 세웠어.
1120,0,추석에 딸이 건강하라고 선물을 사줬어
1121,1,이력서는 쓰는데 합격 통보를 받지 못하고 있어.
1122,3,친구가 폭행을 당했는데 신고를 하지 않았어. 마음에 걸려.
1123,3,아직도 그렇게 생각하는 사람이 있다니 정말 끔찍해.
1124,4,주식 투자를 했는데 망해버렸어.
1125,0,암이 완치된 후 농촌 생활을 하면서 농작물을 기르면서 지내고 있는데 너무 좋고 편안해.
1126,1,내 의견 없이 운동을 매일 하라는 의사 말을 따르는 게 맞는 걸까?
1127,1,친구들이 다들 취업을 하고 있어.
1128,4,은퇴하니 만날 사람이 하나 없네.
1129,1,지난 밤 교통사고를 당하고 깨어나 보니 한쪽 다리 없이 살아야 한데. 너무 혼란스럽고 걱정돼.
1130,2,이번에 노인 일자리 지원했는데 안됐어.
1131,3,노인정 사람들 자식들은 자주 찾아오고 용돈도 주는데 내 자식들은 잘 오지도 않고 용돈도 주지 않아.
1132,0,은퇴가 얼마 남지 않았는데 모아 놓은 돈이 적어 노후를 어떻게 보내야 할지 걱정이야.
1133,0,내가 일 반이 아니라 참 다행인것 같아.
1134,5,나를 괴롭히는 애들이 너무 싫어서 죽었으면 좋겠다고 빌었어.
1135,0,저번에 하소연했을 때와 달리 요즘은 그래도 많이 안정적이야.
1136,1,내가 과연 이 결혼을 잘 했는지 회의감이 들어.
1137,0,드디어 퇴원이라니! 남편이 나를 얼마나 지극정성으로 돌봐주던지 감동받았어.
1138,1,대학 진학 때문에 너무 고민이야.
1139,3,아내의 병원비가 없어 자식들한테 물려줄 예금 통장을 해지했어. 애들한테 미안해.
1140,4,여자친구가 바람을 피워서 정신적으로 충격을 받았어.
1141,0,퇴직하였지만 국민연금에 개인연금까지 합하면 그런대로 먹고사는 데는 문제 없을 것 같아!
1142,5,도대체 회사에서 어떻게 행동해야 할지 모르겠어.
1143,5,승진을 해서 발령이 났는데 도저히 이 일을 할 수가 없어 화가 나.
1144,1,나는 긴장을 많이 하는 것 같아. 
1145,5,난 엄마한테 불만이 많아 굉장히 엄마한테는 악의적이야.
1146,4,우리 집은 경제적으로 너무 힘들어서 빨리 취업을 해야 해.
1147,2,친한 친구가 돈을 빌려달라고 해서 빌려줬더니 갚을 생각을 안 하네. 친구의 됨됨이를 믿고 빌려준 거였는데 걔가 이럴 줄은 몰랐어. 실망스러워.
1148,4,친구한테 버려진 기분이야.
1149,1,심부전증 진단을 받았는데 힘들어.
1150,5,주식이 너무 내려서 큰일 났네. 다른 주식들은 잘만 오르던데 왜 내가 산 주식만 빠지는지 모르겠어.
1151,4,손녀가 내 치료비 때문에 유학을 포기했어.
1152,4,가족들이 나만 버리고 갑자기 여행을 가버렸어.
1153,5,남편 챙기기 귀찮아.
1154,4,내 몸 상태를 보시고 담당 의사가 더 이상 가망이 없다고 말했어. 내게는 희망이 보이질 않는 것 같아서 너무 괴로워.
1155,0,오늘 학교가 개교기념일이어서 공부를 하지 않아서 좋아.
1156,2,퇴근하고 무엇을 해야 할지 모르겠어. 요즘 그냥 우울해.
1157,0,야채 파는 박 씨가 내가 아플 때 날 챙겨주어서 너무 감사해.
1158,4,초등학교 때 학교폭력을 당한 적이 있어서 아직도 그개 상처로 남아있어.
1159,4,오늘 딸아이가 자기방에 있던 방탄소년단 사진이 없어졌다면서 내가 버린거 아니냐고 막 따지길래 아니라고 했는데 믿지를 않아.
1160,0,아팠던 동기가 나아서 회사로 돌아왔어. 완쾌해서 정말 다행이야!
1161,0,곧 추석 연휴가 다가오잖아. 그런데 이번에는 직장이 담 주 월요일부터 쉬기로 해서 내가 일주일을 쉬게 되었어.
1162,2,내가 정말 믿고 따르던 선생님의 부고를 접하게 되니까 슬프다.
1163,3,친구가 애인한테 구타당했대. 내가 소개해준 사람인데 이거 어떻게 하지?
1164,3,동호회 회원 한 명이 이번에 탈퇴하겠데. 내가 저번에 자꾸 지각하지 말라고 한마디 했었는데 그것 때문에 그런거 같아 자꾸 신경이 쓰여.
1165,4,같이 사업하는 형이 사업자금을 들고 갑자기 도망가버렸어.
1166,0,동호회에서 새로운 친구들을 사겼는데 너무 잘 맞아!
1167,0,우리 가족들이 너무 좋아.
1168,2,남자친구가 헤어지재.
1169,3,노처녀라고 사람들이 자꾸 나한테 압박을 해.
1170,2,치매에 관한 뉴스가 나올 때마다 내 미래를 보는 것 같아서 마음이 슬퍼.
1171,2,오늘 아침 일찍부터 소일거리가 있나 구청에 나가봤는데 내가 할 수 있는 일이 별로 없더라고.
1172,4,사람들이 자꾸 쳐다보는 것 같아 신경 쓰여.
1173,2,그 직무를 수행할 때 더 많은 것을 배우지 못했던 게 너무 아쉬워.
1174,3,우리 친정이 잘사는데 결혼 때 도움을 좀 받았다고 남편이 열등감을 느껴.
1175,3,내 고등학교 동창이 두 달 전에 빌린 돈을 갚지 않고 연락이 안 되네.
1176,1,독감에 걸릴까 봐 조심스러워.
1177,2,담임선생님이 갑자기 전근을 가신다네
1178,3,오늘 공부를 하나도 안 하고 게임만 해서 죄책감이 느껴지는걸?
1179,2,남편이 다른 여자와 또 데이트하고 있더라. 남편의 고쳐지지 않는 바람기가 역겨워.
1180,0,피티클럽 아줌마들 이번 대회에서 많이 떨어졌는데 나는 넉넉하게 들어왔어.
1181,2,지금까지 모아놓은 돈은 없는데 회사가 상황도 안 좋고 걱정이야.
1182,2,재정적으로 실망했어.
1183,2,어렵게 시험 봐서 된 공무원인데 이렇게 후회스러운 줄 몰랐어.
1184,2,이젠 학교가는 게 너무 슬퍼졌어.
1185,3,아 쪽팔려. 망했어.
1186,4,이번에 회사에서 세대교체를 했는데 내가 가장 나이가 많아 강제로 물러나게 됐어. 너무 속상해.
1187,5,그건 분명히 내 작품이라고. 이대로 당할 수만은 없어.
1188,0,노후준비를 완벽하게 해놔서 너무 만족스러워.
1189,2,저번 주에 친구들과 다툰 이후로 갑자기 다들 나를 피하고 무시해. 이런 일은 처음이라 너무 당황스럽고 무서워.
1190,2,엄마가 이유 없이 화내는 것 같아서 속상해.
1191,0,난 친구도 많고 노년이 편안하고 만족스러워.
1192,0,남편이 이직했어.
1193,1,직장 상사에게 혼이 났는데 그 이후로 눈을 마주치기가 너무 불안해.
1194,2,나이가 들수록 절친했던 친구들을 볼 수가 없게 되어 눈물이 나.
1195,4,은퇴시기가 다가오니까 별게 다 부러워서 짜증나네.
1196,0,오늘 정말 긴장된 하루였어.
1197,1,정년퇴직한지 벌써 몇 년이 지났어.
1198,0,오늘 학교폭력 당하는 친구를 보호해줬어! 친구가 고맙다고 해줬어.
1199,0,다음 달이면 드디어 삼 년 적금 만기야. 너무 좋아.
1200,3,아빠가 죽었어.
1201,3,모의고사는 점수가 괜찮은데 내신도 신경을 써야 되나 하는 생각이 들어.
1202,2,운동하라는 의사 말을 듣지 않았는데 이렇게 몸이 개운해질 줄 알았으면 진즉 할 걸 그랬네.
1203,2,결혼식이 취소가 되어서 너무 슬퍼.
1204,0,요즘 제일 걱정은 은퇴하고 나서의 노후야.
1205,4,남편이 은퇴를 한 나를 보고 대책이 없다며 크게 화를 냈어!
1206,3,지하철 노약좌석 앉을 때 자꾸 남의 눈치를 보게 돼.
1207,5,예전에는 생각도 좋은 생각만 하며 지냈는데 나이 들면서 불만이 많아졌어.
1208,4,육 개월 전 회사 업무로 팀원 전원이 일본어 강의를 듣기 시작했어.
1209,2,이제 살날도 얼마 안남았나봐.
1210,4,집이 가난하다고 따돌림 당하는 친구가 있어.
1211,4,저 여자가 올 해 우수 사원이 되었어.
1212,2,내가 친구를 도와줘야 하는데 용기가 없는 내가 너무 미워.
1213,2,돈 벌겠다고 쉬지않고 일하다가 건강만 해치겠어.
1214,3,사십대 중반에 벌써 건강이 안 좋으니 몸을 제대로 관리 못한 것 같아서 죄책감이 드네.
1215,5,주말은 근무시간이 아닌데 자꾸 회사 사람들이 불러내서 짜증나.
1216,3,지각을 해서 선생님이 나를 싫어할 거야
1217,0,난 요즘 우리 부모님에게 감사해.
1218,2,나 직장에서 해고당했어.
1219,5,가져 갈게 없어서 아빠 돌아 가실때 남긴 작은 집까지 뺏어 가려했어. 남은 엄마 어떻게 살라고.
1220,2,인간관계가 모두 허망해 보여.
1221,5,요즘 조급한 마음이 들어.
1222,0,오늘 하루가 너무 재미있었어!
1223,3,이번에 들어온 신입은 말귀를 못 알아듣네.
1224,0,내일은 수학여행을 가는 날이야.
1225,5,이과장 때문에 열 받아.
1226,3,연애 안한지 오래되니까 너무 외롭다.
1227,1,내가 따돌림을 당하고 있는데 뭔가 의심되는게 있어.
1228,4,몸이 너무 불편한데 아내와 내가 먹고 살려면 내가 일 해야 해. 속상해.
1229,5,경로당 사람들이 내 만성질환에 대해 다 알고 있었어.
1230,4,이번에 배드민턴 동호회에 들어가려고 했는데 내가 장애가 있다고 못 들어가게 하네. 비참해.
1231,5,나 지금 너무 화가 나.
1232,5,평생 내 속 썩이더니. 보란듯이 항암치료 안받을거야.
1233,5,지하철 타고 오다가 짜증나는 노인이랑 한바탕 했어.
1234,0,나이가 들면 남편과 한적한 곳에서 집을 짓고 사는게 꿈이야.
1235,2,우리 아들은 되는 일이 없어.
1236,0,신규사업부를 맡으라고 해서 자증이 났는데 그 사업을 철수하기로 했대.
1237,0,어제 우리 아이 지능테스트를 받고 왔는데 결과가 좋아. 너무 신이 나.
1238,3,우리 집 재정이 어려워진 걸 알고 친구들이 도움의 손길을 건넸지만 거절했어.
1239,5,혈압이 높다고 하는데 약을 먹어도 혈압이 좋아지지 않네.
1240,0,오늘 좋은 일이 있을 것 같아.
1241,4,회사 동료들에게 따돌림을 당하고 있어서 너무 힘들어. 그만두고 싶어도 쉽지가 않아.
1242,3,마흔 네 살 밖에 안됐는데 벌써 갱년기가 왔어.
1243,2,왜 이렇게 비통하지.
1244,4,재정적으로 도움 받을 사람도 없고 막막해.
1245,1,건강검진에서 재검사 받으라는데 걱정이야.
1246,5,누군가 회사 서류를 반출했어. 아마도 중대한 일인 것 같아.
1247,3,직장이 너무 혼란스러워.
1248,3,건강하게 오래 살겠다고 혐오식품을 먹는 사람들 이해가 안 가네.
1249,0,그동안 모았던 적금 만기가 내일이야.
1250,0,이번에 검진 받았는데 고혈압이 계속 비슷한 수준으로 나오고 있네.
1251,3,남편과 같이 살려고 부산으로 내려왔는데 여기서 뭘 해야할지 모르곘어.
1252,1,나는 술을 너무 좋아해.
1253,2,은퇴 후에는 내가 참 무기력해.
1254,4,오랫동안 사귄 남자 친구와 집안의 반대로 헤어져서 너무 슬퍼.
1255,1,경로당에서 당혹스러운 일이 생겼어.
1256,4,남편이 말도 없이 직장을 그만둬서 내가 은퇴를 하려고 했던 시기를 놓쳤어.
1257,5,같은 팀 대리님 때문에 화가 나.
1258,1,지금 회사가 나와 적성이 안맞는것 같아. 그래서 이직을 할까 고민중이야.
1259,1,의사가 수술을 받아야 할지 약으로 해결할 수 있을지는 지켜봐야 알겠다는 말을 했어.
1260,0,드디어 기다리던 방학이 다가온다.
1261,1,공무원 시험 준비만 벌써 육 년째인데 부모님도 내가 창피할 거야.
1262,0,이번에 취업에 성공했어! 그동안 도와준 분들이 너무 고맙고 감사해.
1263,5,어제 아침에 어지러워 자리에서 못 일어났어! 많이 늙었단 생각이 머리에서 떠나지 않아.
1264,5,우리 딸이 서른 넘기기 전에 결혼했으면 좋겠는데 남자한테 도통 관심이 없어.
1265,5,경로당 사람들이 내 만성질환에 대해 다 알고 있었어. 난 내 친구에게만 이야기 했는데 말야
1266,3,우리 자식들은 하나같이 다 결혼을 못했어. 너무 한심해.
1267,2,정말 가고 싶었던 회사였는데 아쉽게도 최종 면접에서 탈락했어.
1268,1,삼 년 사귄 남자친구와 헤어졌는데 마음이 많이 공허해.
1269,4,남편이 퇴직금을 사기당했어. 앞으로 생계가 막막하네.
1270,4,집이 가난해서 왕따 당하고 있어.
1271,0,나를 괴롭히던 친구가 전학을 가.
1272,5,면접에서 자꾸만 떨어지니 나도 모르게 화가 나나봐. 친구들한테도 짜증섞인 말을 자주하게 되네.
1273,5,부서장이 정당한 이유 없이 나를 다른 부서로 이동 발령했어. 정말 기가 막히고 화가 나.
1274,1,이젠 나이도 들었는데 소개팅에서도 계속 실패하고 힘드네. 이젠 결혼 못하는 거 아니야?
1275,4,옆 가게는 주인이 아파서 가게도 잘 안 여는데 열 때마다 장사가 잘돼.
1276,3,회사에서 정말 보기 싫은 사람이 있어.
1277,5,명절에 만나는 친척마다 결혼은 언제 하는지 물어보는 바람에 너무 성가셔.
1278,2,아빠가 최근에 교통사고로 돌아가셨어.
1279,1,돈 쓰기가 조심스러워.
1280,5,오늘 면접을 보고 왔는데 기분이 안 좋아.
1281,5,그 사람만 생각하면 구역질이나고 화가나.
1282,3,나 요즘 많이 외로워.
1283,0,약한애만 괴롭히던 놈 결국 퇴학당해. 괴씸했는데 신나는구만.
1284,0,몇 달 동안 운동을 열심히 했더니 허리 둘레가 줄었어. 정말 만족스러워.
1285,0,학교폭력위원회에 신고했어. 그래서 지금 기분이 좋아.
1286,4,조만간 나 회사에서 잘릴 것 같아. 이제 은퇴할 때가 되긴 됐지.
1287,4,내가 투자한 회사가 망해버렸어.
1288,1,서류정리까지 왜 내가 해야 하는지 모르겠어. 짜증 나.
1289,3,친동생이 대뜸 남자친구를 집에 데려와서는 결혼을 하고 싶다고 하더라.
1290,2,요즘 공부하는 게 재미가 없고 무엇을 해도 흥미가 없어.
1291,0,회사에서 동료들과 지내는 데 너무 재밌어.
1292,2,준비해놓은 게 없는데 노후가 정말 걱정이야.
1293,1,어제 병원갔다가 당황했잖아?
1294,3,밖에 나가면 사람들이 나를 쳐다보는 거 같아.
1295,0,요즘 친구가 많아져서 신난다.
1296,3,답이없다
1297,1,아침에 딸이 밥을 남기길래 마저 먹으라고 했더니 화를 내네. 아침부터 너무 당황스러웠어.
1298,1,아버지가 빨리 담배를 끊으셔야 되는데.
1299,1,중요한 프로젝트 발표 자리에서 내가 너무 조심하는 바람에 오히려 망한 것 같아 불안해.
1300,4,동아리에 가입했는데 소외감을 느껴서 너무 힘들어.
1301,5,벌써 은퇴 준비를 하다니.
1302,2,어젯밤 바이크를 타다가 사고가 났는데 부상상태를 들으니 꽤 심각하더군.
1303,3,출장을 왔는데 날씨 때문에 오늘 항공기가 결항해서 돌아갈 수가 없어. 숙소에 혼자 덩그러니 있으려니 당황스러워.
1304,4,가족들이 내 병 때문에 너무 많은 비용을 지불해서 속상해.
1305,2,그 동안 열심히 운동해서 건강하다고 자부하는데 동창회에서 친구들 보니깐 난 아무것도 아니더라고.
1306,0,건강은 좋아질 수도 있고 나빠질 수도 있는거지.
1307,4,요즘 들어서 뱃살이 많이 나와서 걱정되네!
1308,3,만성 질환 치료 때문에 재정적으로 많이 힘든 상황이야.
1309,0,오늘 병원의사를 만나서 건강상담을 했는데 건강유지하려면 꾸준히 운동만하면 된다니 기분이 좋아.
1310,3,주말에 손가락 하나 안 움직이는 남편을 보면 너무 화가나.
1311,0,회사에 큰 업무 사고가 일어났어.
1312,0,고혈압이 생긴지 오래되었는데 그래도 다행이야.
1313,4,대학교 못 갈 거 같아.
1314,5,오늘 친구들이 중소기업에 다닌다며 나를 은근히 무시했어.
1315,3,친구 결혼식에 갔는데 친구 남편이 예전 남자친구여서 너무 놀랐어.
1316,0,내가 결혼 전에 넣은 연금보험이 이제 만기가 되었어.
1317,4,취업때문에 억울해.
1318,1,아들이 언제라도 나를 요양원에 보내버릴 것 같아서 너무 걱정이야.
1319,0,적금들어놓은게 있어서 은퇴해도 나는 괜찮아.
1320,1,진학하고 싶은 대학교 탐방 다녀왔는데 좀 혼란스럽네.
1321,4,정당방위로 때린 것 때문에 가중처벌을 받아서 정학을 당했어. 너무 어이가 없고 상처야.
1322,0,성적이 올라서 칭찬을 받았어.
1323,4,진짜 억울해 죽고 싶어.
1324,5,남편에게 저녁마다 산책하러 나가자고 했는데 그걸 하나 못 들어주나.
1325,4,예전에 아끼는 직원에게 배신을 당한 후에 사람들에게 마음을 잘 열지 못하게 됐어.
1326,2,인생은 정말 부질없는 것 같아.
1327,5,오늘 퇴사 날이라 그동안 날 괴롭혔던 사수가 시킨 일을 모두 완전 대충했어. 고생에 대한 복수다.
1328,3,내 친구놈이 또 술병이 났네.
1329,0,걱정했던 프로젝트 단번에 승인 받았다!
1330,4,건강에 배신당한 기분이야.
1331,3,지난번 검진 때에는 양호했던 혈압이 높은 것으로 나오네.
1332,4,요즘 업무도 많고 퇴사하고 싶은 마음이 굴뚝같애.
1333,0,한동안 답답했는데 남편이 일을 찾기 시작해서 다행이야.
1334,2,진작 담배를 끊을걸. 검진 결과가 안 좋아.
1335,2,학교에서 믿었던 친구가 나를 배신을 했어.
1336,2,남편에게 잘해주지 못해서 후회돼.
1337,2,회사에서 중요한 업무를 맡았는데 나 때문에 망쳐버렸어. 어떡하지.
1338,2,우리 아빠가 바람을 폈대.
1339,4,부모님은 언니만 예뻐하시는거 같아.
1340,0,난 연애를 안 해도 회사도 재밌고 친구들 만나는 것도 재밌어. 주변 친구들은 다들 결혼하고 싶어 소개팅에 안달인데 난 아직 연애가 없어도 생활이 만족스러워.
1341,1,언니가 요즘 밤늦게까지 놀고 와서 걱정이야.
1342,1,혹시나 내가 학교에서 따돌림 당할까봐 너무 불안해.
1343,5,우리 며느리는 내 아들이나 딸이 있을 때만 아픈 나를 잘 돌봐주고 둘이 있을 때는 날 막 구박해.
1344,4,여자친구가 다른 남자와 바람을 피웠어.
1345,2,오늘 내가 자주 만나던 친한 언니가 다른 곳으로 이사를 하였어.
1346,0,난 오늘 아주 기쁜 일이 있어.
1347,2,사고로 팔 한쪽을 잃었어. 친구가 너무 절망하지 말라고 위로했는데 친구를 비웃었어.
1348,3,수학 시험을 너무 망했어.
1349,0,오늘 가족 다같이 외식을했어.
1350,1,여자친구가 오전 내내 연락이 안 돼. 무슨 일이 있는 걸까?
1351,4,요즘 취업도 해야 하는데 군대도 가야 해서 너무 걱정이야.
1352,3,배가 많이 나와서 조금 부끄럽네.
1353,2,병원에 다녀왔는데 폐암말기래 이제 드디어 행복시작이라고 생각했었는데 폐암말기라니.우울해서 밥도 안넘어가더라고.
1354,5,야근까지 하면서 열심히 준비했는데 프로젝트가 무산됐어.
1355,1,장기근속해도 내게는 아무런 혜택이 없을 것 같아서 불안해.
1356,3,저번주에 지은 약이 모두 사라져버렸어! 이번주는 연휴라 약을 지을 수 없는데.
1357,4,아들이 아직 결혼도 안 했는데 애를 가졌는데 어떻게 해야 할까? 남의 시선을 자꾸만 의식하게 되네.
1358,3,죄책감이 많이 들어.
1359,0,친구의 권유로 운동을 꾸준히 하니 몸이 많이 좋아져서 정말 기뻐.
1360,0,아버지가 나한테 토지 하나를 물려주셨는데 정말 큰 도움이 될 것 같아서 아버지께 감사하다고 해야겠어.
1361,0,드디어 친구와 오해를 풀었어.
1362,5,나는 현미를 싫어하고 백미를 좋아해.
1363,4,상심이 크시겠어요.
1364,2,내 아들이지만 가끔 보면 누굴 닮았나 싶어.
1365,5,대체 왜 나는 매번 이렇게 아플까?
1366,5,아들이 결혼하는데 모아 놓은 돈이 없다고 해서 너무 속상하고 화가 났어.
1367,5,아내 때문에 화가나.
1368,0,오늘 남자친구랑 싸웠어.
1369,4,가게 사정이 안 좋아서 자식들 보고 일 좀 도와달라고 했더니 돈을 달라고 해.
1370,0,지금까지 사는 동안 마음껏 사랑하고 내가 좋아하는 일을 하며 행복했어.
1371,5,이번에 우리 부서장이 교체됐어 그런데 동료들이 아부하는데 차마 눈 뜨고 못 봐줄 정도야
1372,0,나 이번달 부터 연금받거든 그래서 느긋하게 여행 좀 다녀볼까 하고 알아보고 있어.
1373,1,불안하고 아무것도 손에 안 잡히네.
1374,1,학교폭력을 당하고 있는 사실을 선생님께 말해도 되는 건지 몰라 혼란스러워.
1375,3,취업 준비 때문에 친구 만날 시간이 없어서 요즘 외로움을 타는 것 같아.
1376,0,병간호를 방문 간호에 맡기고 나니 아들눈치가 안보여서 좋아.
1377,2,건강이 급격히 나빠져서 너무 슬퍼.
1378,4,건강한 친구들이 너무 질투나더라.
1379,5,애들한테 나를 그만 괴롭히라고 소리지르고 싶어.
1380,5,친구와 밥을 먹고 나왔는데 더치페이를 하기로해놓고 화장실에 가서오질 않네요
1381,2,요즘 코로나 십구 때문에 재택근무를 하다 보니 집안 식구들이랑 부딪힐 때가 있어 힘드네.
1382,3,어떤 직원이 나를 보고 그렇게 살면서 부끄럽지 않냐고 물어보는데 당황했어.
1383,1,이제 곧 아이를 출산할 시기가 다가와.
1384,4,열등감이 생기는 게 남을 의식해서 그런가?
1385,4,가끔 한가할 때면 정말 혼자라는 생각이 드네.
1386,1,나는 직장에서 좀 취약한 것 같아.
1387,3,남편에게 좋지 못한 아내인 것 같아 죄책감이 들어.
1388,5,직장 상사가 회사에 일이 생기면 나만 찾아서 짜증 나 죽겠어!
1389,4,취업하기 너무 힘들어.
1390,1,얼마 전에 했던 위내시경 결과 내가 위암 초기라고 해. 아무 증상도 느끼지 못했는데 암이라니 믿어지지 않아.
1391,1,얼마 전에 친구 하나가 전화로 성 정체성에 혼란이 온 것 같다고 하는데 어떻게 받아줘야 할지 몰라서 대충 얼버무리고 끊었어.
1392,5,내가 비만 때문에 식사 조절을 하려고 하니 마음껏 못 먹어서 짜증이 너무 나.
1393,2,이제는 작은 글씨들은 잘 안 보이는 걸 보니 노안이 온 것 같아 슬퍼.
1394,5,어떡하지 큰일 났네.
1395,4,나하고 친구하고 만나면 기가 죽어.
1396,5,여자친구가 바람을 폈어.
1397,5,요즘 경기가 불황이야. 회사가 주저 앉을 까봐 걱정되고 짜증나.
1398,1,직장에서 너무 혼란스러워.
1399,3,내가 여러 친구들이 쓰는 공동 카톡에 글을 올렸는데 친구 하나가 마음에 안든다고 나가버렸어.
1400,3,얼마 전에 우리 집에 보험 중개인이 왔는데 그 총각이 사기꾼이었다는 걸 알고 당황스러워.
1401,1,직장 상사가 얘기 좀 하자고 하셔서 사무실에 들어가야 해. 이유를 몰라서 불안해.
1402,4,우리 딸이 이번에 서울대에 입학할 것 같아.
1403,4,당뇨가 있어 일자리 찾기가 어려워. 세상에 나 혼자인 것만 같아 괴로워.
1404,5,코로나 때문에 여자친구랑 더 자주 싸우게 되는 것 같아.
1405,4,손녀가 태어났는데 내가 돈이 없어서 해줄 수 있는게 없어. 마음이 너무 아파
1406,1,아내가 결국 실직한 나를 대신해서 식당 아르바이트를 시작했어. 너무 미안해.
1407,0,다른 친구들이 보기에 우리 가족이 제일 화목해 보인다고 했어.
1408,1,사내 커플이었다가 헤어졌는데 어떤 소문이 날지 불안해.
1409,5,난 위가 안 좋아서 음식을 먹을 때 오래 걸리는데 친구는 항상 불평을 해.
1410,0,건강을 위해 마라톤 완주를 할 생각에 기뻐.
1411,4,나 직장에서 과장하고 문제가 생겼어.
1412,5,건강에 나만 안달하고 있어.
1413,3,취업 준비 중인데 잘 안 되어 우울해.
1414,0,난 요새 학교에서 너무 느긋해.
1415,2,엄마는 항상 일등만 하는 언니만 자랑하고 다니니 난 낙담이 돼.
1416,1,곧 아이의 성별을 보러 가는데 너무 초조해.
1417,3,오랜만에 동료를 봤는데 상대적으로 내가 너무 늙어 보이는 거 같아.
1418,4,수험 기간이 길어지면서 자꾸 친구가 없어져.
1419,4,건강이 나빠지니까 버려진 기분이 들어.
1420,4,고독 사 하는 노인들 보면 참 외롭고 불쌍해.
1421,3,남편이 내 돈을 들고 집을 나갔어. 어떡하지?
1422,2,언제까지 스트레스 받아가면서 일해야 하는 건지 어느 땐 우울해.
1423,0,난 이번에도 일등 할거야.
1424,2,소개팅했던 여자가 내 얼굴을 보자마자 안색이 어두워져서 기분이 안 좋아.
1425,1,하 이번 회사에 지원조차 못했어.
1426,4,계약직 일 년이 끝나면 정규직 기회를 주신다고 하셨는데 되려 회사 사정이 어렵다고 잘렸어.
1427,5,결혼 따로 연애 따로 생각하는 친구를 보면 결혼 상대자가 불쌍하고 화가 나.
1428,5,아내에게 잔소리를 조금 했더니 화를 내고 집을 나갔어.
1429,1,나는 정말 여자 마음을 잘 모르는 것 같아.
1430,0,나는 결혼하면 정말 잘 살 자신이 있어.
1431,2,큰일났어 2년전에 넣어둔 펀드가 너무 손실이 커 완전 망했어.
1432,5,요즘 자꾸 업무시간에 투자회사 영업사원한테 전화가 와.
1433,2,이제 곧 회사 그만두게 될 것 같은데 어찌해야 할지 걱정이야.
1434,0,지금 직장생활이 나한테 딱 맞는 직종 같아서 만족스러워.
1435,3,애정표현을 잘 안 하던 아들이 갑자기 사랑한다고 말해서 너무 당황스러워.
1436,0,내가 며칠 만에 용돈이 없어졌다고 했더니 형이 망설임 없이 자기 용돈을 줘서 기뻤어.
1437,4,동창모임에 갔더니 애들이 어떤애 한명을 떠받들더라고 근데 은근히 기분이 별로더라.
1438,1,언제 죽을지 몰라서 불안해.
1439,4,어떻게 하면 좋을지 정말 모르겠어.
1440,5,큰딸이 예비남편이 집을 구하기로 하고 우리는 그에 맞는 혼수를 구해야 한다고 무리한 요구를 하는게 생각할수록 화가나.
1441,1,부모님께 연예인이 꿈이라고  말씀 드리면 안된다고 하실까봐 걱정이야.
1442,5,학교에서 날 괴롭히는 애가 부탁만 들어주면 뺏어간 태블릿 피시를 돌려준다더니 미루고 있어서 애가 타.
1443,4,우리 애들이 아빠만 좋아하고 나는 너무 무시해. 별거 아닌 것 같겠지만 애들이 아빠 말만 듣고 나는 투명인간 취급한다니까.
1444,4,난 여자친구에게 모자란 남자친구인 것 같아.
1445,3,나오늘 학교에서 너무 당황했어.
1446,1,암 투병 생활한지 오래됐는데 자식들은 나를 보러 오지도 않아서 참 인생이 허무하다는 것을 느껴.
1447,4,우리 동생은 돈을 많이 벌어서 수영장이 있는 집을 샀어.
1448,3,나 오늘 너무 부끄러운 일 있었어.
1449,1,내가 뭐라도 잘못한 것 있을까?
1450,0,나 요즘 기뻐. 감사한 마음을 가지고 살고 있어.
1451,2,직속 상사인 과장님이 뭐 때문인지는 모르겠는데 날 싫어하시는 것 같아. 회사만 가면 너무 억울하고 슬퍼.
1452,1,어금니가 흔들거려 임플란트해야 하는데 걱정이야.
1453,4,남편이 은퇴하고 나면 함께 하는 시간이 많을 줄 알았어. 그런데 맨날 혼자야.
1454,5,나는 실업계 고등학교에 진학하려고 하는데 선생님은 무조건 인문계로 가라고 하셔서 짜증 나.
1455,4,내일이 전학가는 첫날인데 또 괴롭힘당할까봐 너무 무서워.
1456,5,친구 아플 때 숙제랑 필기도 도와줬는데 내가 요즘 아픈데 도움을 안 줘 화가 나.
1457,2,내 산후조리를 위해 고생하는 엄마를 보니 미안한 마음이 들어.
1458,2,여자친구가 갑자기 다음 달에 유학을 떠난다고 해서 굉장히 슬퍼.
1459,4,다른 사람과의 관계에 있어 나를 희생하고 있는 느낌이 들어.
1460,4,내가 아파보니까 부인이 최고더라고.
1461,3,통장에 돈이 없는 걸 몰랐어.
1462,0,남자친구와 있으면 마음이 너무 편안해져.
1463,2,취업 준비 중인데 너무 힘들어서 눈물이 나.
1464,2,건강을 위한다고 술을 끊은 지 삼 주가 됐는데 몸은 가뿐하지만 기분이 꿀꿀하고 우울해.
1465,0,나이가 사십인데 난 아직 청춘인것 같아. 너는 어떻게 생각해?
1466,4,내가 죽을 날도 얼마 안남았는데도 아직도 재정적으로 불우해.
1467,5,직장에서 동료 때문에 일을 못 하고 있어
1468,5,딸이 사춘기라 그런가 나한테 계속 대들어. 
1469,2,어쩜 좋아.  우리 남편 명예퇴직 대상이래.
1470,2,나는 왜 이렇게 취업이 안될까?
1471,4,잘하고 있던 사업이 망해버렸어.
1472,3,내 아들이 너무 한심해.
1473,3,오늘 직원이 큰 실수를 한 것도 아닌데 심하게 혼을 냈어
1474,0,남편이 오늘 내 건강을 기념한다고 축하파티를 해줬어.
1475,3,내가 회사에 최종합격했는지 알았는데 아니라니 너무 당황스럽다.
1476,1,나 너무 불안해. 이제 수능이 백일도 안 남았어.
1477,5,아내가 다른 남자와 바람이 나서 이혼을 요구했어. 분노가 쉽게 가라앉혀지지 않아.
1478,4,어려운 일은 모두 나한테 떠넘기는 팀원들 때문에 매일매일 상처 받고있어.
1479,1,나랑 가장 친한 친구가 갑작스럽게 살 날이 얼마 안 남았대. 무척 혼란스러워.
1480,0,경찰이 될 거야.그래서 많은 사람들을 도와주고 싶어.
1481,3,집에서 나 혼자만 외딴섬에 있는듯한 기분이야.
1482,1,부장님이 너무 일을 많이 시키는데 뭐라 말해야 될지 걱정이야.
1483,1,친구들 모두 각자의 꿈과 목표가 있는데 나만 없어. 불안해.
1484,4,내가 병에 걸린 이후로 사람들이 나를 대하는 태도가 달라져서 버려진 기분이야.
1485,2,내가 원하는 직업이 있는데 부모님이 반대하셔. 부모님께 너무 실망스러워.
1486,4,노인정 사람들 중에 병원 갈 때마다 자식들이 데리러 오는 사람들이 있는데 조금 부럽다.
1487,2,변호사 되어서 로펌에 들어가고 싶었는데 가기 싫어졌어.
1488,0,남편을 믿고 신뢰하는 게 얼마나 중요한지 모르겠어.
1489,5,엄마가 갱년기라고 아들 녀석에게 말해도 전혀 반응이 없네.
1490,1,남자들과 친해지는 게 너무 어려워서 걱정이야.
1491,4,여자친구에게 헤어지자는 통보를 받았어. 이 세상에 꼭 나 혼자 남겨진 느낌이야.
1492,4,대출 때문에 여러 가지로 힘드네.
1493,2,사람들이 대화할 때마다 날 무시하는 것 같아. 너무 속상해.
1494,5,새로 사귄 그 사람들 행동은 정말 구역질 나더라.
1495,0,누구보다 대인관계를 잘  유지 해나가고 있다고 자신해.
1496,2,요새 눈이 피곤하고 시력이 떨어진 것 같아서 안과에 갔더니 황반변성이라는군.
1497,3,나는 이제 나이가 들고 만성질환도 생기니까 죽음이 가까워오는 것 같아.
1498,5,졸업하고 취직을 못하고 있는 나를 무시하는 친구들이 너무 미워.
1499,2,자격증을 많이 취득했음에도 불구하고 면접에서 떨어졌어.
1500,1,내년에 고등학교에 입학하는데 학교에서 따돌림 받을까봐 걱정이야.
1501,0,나는 복이 많은지 남편이 노후 대비로 전원주택 건축을 구상 중이더라고요.
1502,0,걱정했는데 고혈압이 아니래.
1503,2,결혼식이 구 월에 예정되어 있었는데 코로나 일구 때문에 다 망쳤어.
1504,2,이제 겨우 일어서나 했는데. 코로나로 길거리에 주저 앉게될까 걱정이야.어떻게하면 좋을지 모르겠어.
1505,5,경제적으로 힘들어서 자식들에게 손을 벌려야 할 상황이야.
1506,2,아빠는 내가 공무원이 되길 원하고 내 꿈은 알려고 하지도 않아.
1507,2,대학만 졸업하면 돈 들어갈 일 없을 줄 알았는데 아직도 나에게 손을 벌리는 아들이 실망스러워.
1508,5,내 건강 하나 챙기지 못하는 내가 너무 화나.
1509,0,연애 배우자를 너무 잘 소개 받았어.
1510,5,아내한테 음식을 짜게 하지 말라고 했는데 자꾸 짜게 만드니까 화가 나.
1511,4,어떻게 이럴 수가 있지? 친한 친구라고 생각했는데 다른 사람에게 내 욕을 했다는 걸 알게 되었어.
1512,4,어떻게 해야 할지 모르겠어. 어떡하지?
1513,2,갱년기 때문에 밤에 잠을 잘 수가 없어서 슬퍼.
1514,3,친한 친구들과의 사이가 멀어진 것 같아. 이렇게 만든 나 스스로가 한심해.
1515,5,내 친구가 남자친구랑 헤어졌으면 좋겠어.
1516,4,동생이 이번에 출산을 했는데 힘들어하는 모습보니 괴롭더라.
1517,1,신입사원이고 오늘이 첫 출근 날인데 벌써 걱정되는 일이 생겼어.
1518,3,취업했는데 이 일은 나랑 안 맞는거 같아. 너무 힘들어.
1519,0,이번 모의고사를 잘 보면 대학이랑 학과 선택에 도움이 많이 되겠어.
1520,2,내가 우수 사원이 되었는데 좋아하는 기색을 보이지 않아서 또 저 여자들이 난리야.
1521,3,아무도 내곁에 오지 않아.
1522,2,오늘 아빠한테 실망했어.
1523,1,건강적으로 초조해져.
1524,2,이번에 유산해서 너무 속상해.
1525,2,난 어차피 오래 살 생각이 없어.
1526,5,언제 현금 삼 억을 모으지. 정말 답답해 죽겠어. 도대체 어떤 방법이 있는지도 모르겠고.
1527,2,믿었던 친구가 오늘 나를 배신했어. 머리가 멍하고 아무런 생각도 들지 않아.
1528,0,아내의 권유로 명상을 하게 됐는데 정신 건강에 도움이 많이 되는 것 같아.
1529,0,아내가 치매증상을 보이길래 정말 걱정했는데 단순 건망증이라 관리만 잘하면 되니 정말 다행이야.
1530,2,왜 나만 이렇게 불행한 걸까? 폭력적인 아버지와 얼굴도 모르는 엄마 그리고 동네 건달인 오빠까지 나한테 도움 되는 사람이 아무도 없어.
1531,0,어제 가족들에게 따돌림에 대해 말씀드렸더니 가족들이 응원해준다고 했어. 그래서 지금 매우 기뻐.
1532,2,산부인과를 방문했는데 우리 부부는 아이를 가질 수 없대. 너무 슬퍼.
1533,2,외할머니가 아프시다는 말을 듣고 엄마가 울었어.
1534,2,나는 연애는 하고 싶지만 결혼은 하기 싫은 비혼주의자야. 그런데 자꾸 결혼 이야기를 꺼내는 남자친구 때문에 고민이야.
1535,4,좀 더 나이 먹으면 귀농생활을 하고 싶어.
1536,2,결혼생활이 생각만큼 행복하지 않아. 남편이 나를 너무 못살게 구는 것 같아.
1537,1,내 무릎이 아파도 손자들이 과자 사러 나가자고 하면 같이 가줘야 해서 불안해.
1538,3,고등학교 졸업이 코앞인데 진로를 정하지 못하고 있어.
1539,1,산책하는 노인들이랑 한자리에 모여서 이야기를 나누었어.
1540,1,나는 사람들에게 미움을 받을까 봐 늘 마음이 편치 않고 불안해.
1541,3,길을 가다가 모르는 사람이 건강하게 살라며 비싼 홍삼진액을 줬는데 먹어도 되는지 모르겠어.
1542,1,인턴으로 일하고 있는데 갑자기 도둑으로 몰렸어.
1543,0,나 친구한테 지갑을 맡기고 나갔다 왔어.
1544,1,건강 상태를 보고 당황했어.
1545,2,나이가 들면서 감정을 조절하는 법을 배우게 되는 것 같아.
1546,2,친구가 병으로 먼저 세상을 떠났어.
1547,3,프로젝트를 같이 시작했는데 다들 일을 나에게 미뤄. 당황스러워.
1548,5,어젯밤에도 남편이 술이 잔뜩 취해 들어온데다 시비가 붙어서 경찰까지 왔었다니까!
1549,4,내 얘길 들어줄 수 있어?
1550,0,요즘 통장을보면 기분이좋아.
1551,2,요즘 혈압 관리하느라 매일 뒷산엘 다녀오고 있거든.
1552,4,평생 일만 하다 보니 친구가 없어.
1553,4,남편이 거동이 불편해 자동 휠체어를 사줬어
1554,4,요즘에 나보다 자식들을 위해 돈을 더 많이 쓰고있어
1555,1,이거 생각한것과 너무 달라. 결과물이 이래도 되나 불안해.
1556,0,내가 할 일을 해서 편안해.
1557,4,계속되는 야근으로 몸이 아파서 퇴근을 하려고 했는데 과장님이 눈치를 주셨어. 상처를 받았어.
1558,1,내일 학교에서 장래 희망 발표가 있는데 뭐라고 말해야 할지 조심스러워.
1559,1,문화센터에 가기엔 까막눈인 내가 민폐가 될 것 같아 두려워.
1560,1,일진 애들을 피해 도망가는 친구를 몰래 숨겨주었어. 가슴이 떨리네.
1561,5,세상에 병원 가는 길에 병원비를 강탈당했어. 너무 화가 난다.
1562,3,내 가장 친한 친구가 입대를 하고 내 입대 일을 기다리는데 많이 적적해.
1563,4,회사에서 따돌림당해서 괴로워. 팀원 전체가 나하고만 말을 안 해.
1564,4,이번 연봉협상 때 동결이 되었는데 이게 삼 년째 동결이다 보니 회사 다니기 너무 힘드네.
1565,2,내가 평생을 다닌 작장을 은퇴할 생각을 하니 맘이 너무 울적하고 눈시울이 뜨거워.
1566,2,친구가 금전적으로 힘들어하는데 내가 아무런 도움이 되지 못해서 미안해.
1567,4,자녀가 독립하고 집에 혼자 남으면서 고립된 기분이 들어.
1568,5,더 이상 열심히 일할 의욕이 생기지 않아.
1569,2,당뇨로 먹고싶은 음식을 먹지 못하니 힘들어.
1570,1,요즘 애들하고 대화하는 게 힘들어.
1571,1,아내가 재취업을 한 후로는 대화가 너무 단절되고 있는 것 같아.
1572,1,적금 만기가 곧 다가오는데 돈을 찾으면 어떻게 해야 할지 모르겠어.
1573,3,모르겠어. 축 쳐지는게 의욕을 잃었어.
1574,4,자식들 키우느라 모아놓은 돈도 없고 나만 희생한것 같아.
1575,1,나도 아직 불완전한 사람인데 좋은 엄마가 될 수 있을까 불안해.
1576,5,친구들이 병문안온다는거 아무도 못오게 했어
1577,5,혈압약 다 떨어져서 당장 사야 되는데 사장이 월급을 안 넣어주네.
1578,3,가족들과 텔레비전을 보고 있었는데 갑자기 정전이 나서 당황스러웠어.
1579,2,죽음에 대해 가끔 생각해보는데 여러 생각이 교차해.
1580,2,결혼을 하는데 왜 눈물이 나신건가요?
1581,3,은퇴하고 만성질환에 시달리고 있어.
1582,5,난 건강이 나빠지지 않게 무조건 열심히 미리 노력할거야.
1583,5,나 오늘 친구에게 시험범위 일부러 안 가르쳐 줬어.
1584,1,이러다 올해 결혼을 할 수 있을까 싶어.
1585,5,친구가 돈을 빌려가서 약속한 날이 한달이 지났는데 아직 못받고있어.계속 연락도 안받고 화가 나네.
1586,2,무릎 수술을 하고 어제 퇴원했어. 오늘 아내가 특별한 식단을 차려줄 줄 알았는데 평소와 똑같아서 조금 실망했어.
1587,2,기나긴 수정 끝에 이번 기안도 통과되지 못해 의욕을 잃었어.
1588,3,직장에서 내가 해야 할 일이 너무 많아.
1589,5,같은 반 애들이 반장 따돌리는데 동조하라는데 하기 싫어 성가셔.
1590,4,나 몇일전에 사귀던 사람과 헤어졌어.
1591,1,복부 비만이 있는 갱년기 여성들한테는 심장 질환에 취약하다고 하는데 뱃살을 어떻게 빼지?
1592,1,친구들과 모여 조별과제를 같이 했는데 나 혼자만 다른 점수가 나와서 혼란스럽고 당황스러워.
1593,4,요즘 내 주변 사람들 때문에 괴로워.
1594,2,입사 동기들은 모두 부장님께 사랑을 받는데 나만 미움을 받아서 슬퍼.
1595,5,퇴근시간까지 얼마 남지 않았는데 아직 업무 처리할 것이 남아있어서 조바심이 나.
1596,1,나이가 드니까 운동을 꼭 해야만 한다는 강박관념이 들어서 스트레스 받아.
1597,2,나는 위암 말기로 위 대부분을 절재해야된다니 죽음을 생각하게 하고 암담해져.
1598,0,나를 방관하지 않고 학교폭력 실태 설문지를 솔직하게 작성해준 반 친구들한테 정말 고마워.
1599,0,남자친구와 놀이공원에 놀러갔다가 이벤트 일등에 당첨되어서 기분이 너무 좋아.
1600,1,어느새 아이들은 커 있고 가정에서의 나의 자리는 소외되는 것 같아서 요즘 가족들이 낯설어.
1601,4,내가 죽으면 주변 사람들이 많이 슬퍼할까?
1602,2,우리 가족들은 대화가 단절되어있어. 아예 마비되었다고 해야 할까?
1603,5,취업을 준비하는데 모든 게 다 돈이야. 기업에서 요구하는 게 많아지면 많아질수록 그것을 전문적으로 가르치는 강사한테 배워야 하기 때문에 돈이 더 많이 들어가.
1604,1,나 이대로 갑자기 죽진 않겠지?
1605,0,나는 그 아이를 괴롭히지 않았는데 선생님은 내가 주동자인줄 알아.
1606,1,은퇴 준비를 하지 않아도 본인들이 도와주겠단 자식들 말이 지금 행동을 보면 회의적이야.
1607,2,의사가 골다공증 때문에 부러진 다리가 붙는데 몇 달이 걸린다는데 멍해져.
1608,4,성적을 올리려면 학원에 다녀야 하는데 돈이 없어 못 다니는데 어떡하면 좋을까?
1609,3,오래전 심하게 싸운 한 친구가 생각이 나.
1610,0,오늘 갑자기 친구한테 연락이 왔어.
1611,2,시대가 바뀌면서 내가 잘 알지 못하는 분야의 일까지 담당하게 되었는데 적응이 안돼서 슬퍼.
1612,4,회사에 내 입사 동기는 맨날 일 잘한다고 칭찬만 듣고 난 매번 혼나기만 해. 어떻게 해야 그 애를 이길 수 있지? 같이 입사했는데 내가 너무 뒤처지는 것 같아 속상해.
1613,3,회사에서 은퇴하고 계획없이 돈을써서 돈이 하나도 없어.
1614,2,요새 후회가 많이 돼.
1615,5,보험 가입 전화를 받았는데 은근히 화가 나네.
1616,1,직장에 복직 못 할 것 같아 걱정돼.
1617,5,은행에서 알아들을 수 없는 말로 금융상품 가입을 권유했어. 너무 성가셔.
1618,2,내 앞날은 나밖에 챙겨줄 사람 없을 것 같아. 누굴 믿겠어?
1619,2,직장생활이 많이 우울해.
1620,4,잘못은 했지만 입사동기가 나를 고발할지는 몰랐네. 실수가 완전 다 까발려지고 말았네.
1621,4,요즘 일만 하며 사는 것 같아. 내 인생에 다른 시간들이 일로 인해 모두 희생되고 있어.
1622,4,자기 누나만 편애한다고 생각하는 아들이 있어 기분이 안 좋아.
1623,3,자식이 없으니 나이가 들수록 경제적으로 불안해져.
1624,5,엄마 말로는 결혼할 때 할머니가 엄마를 딸처럼 여기겠다고 했는데 할머니가 엄마한테 하는 것을 보면 화가 나.
1625,1,나 드디어 임신에 성공했어.
1626,4,친구들과 같은 시점에 부동산을 투자했는데 내가 투자한 곳의 값어치만 뚝 떨어졌어.
1627,5,한 달 전 군대를 제대하고 아르바이트 자리를 구하고 있는데 코로나바이러스로 인해 일할 곳을 찾기가 쉽지 않아요.
1628,5,내가 같은 성별인 대리님을 좋아하는 이유로 욕을 먹었어.
1629,4,슬슬 노후를 준비해야 되는데 딸은 계속 용돈을 달라고 해서 억울해.
1630,1,부모님이랑은 가치관이 너무 달라서 스트레스받아.
1631,0,와! 팀장님이 1주일 출장을 가셨어!
1632,1,나 혼자 있으면 나를 괴롭히는 아이가 나타날까봐 두려워서 친구와 같이 다녀.
1633,5,이제 은퇴할 나이가 얼마 안남았어.
1634,1,손녀를 보라 하네.
1635,5,성적을 보고 화가 나.
1636,1,우리 반에 어떤 친구가 학교폭력을 당하고 있는데 어떻게 해야 할지 모르겠어.
1637,1,자식 두 명이 결혼할 사람을 데리고 왔는데 같은 집안 사람이라 혼란스러워.
1638,2,우리 회사 대표님이 해임되었다는 소식을 들어서 눈물이 나.
1639,0,나는 이 마을 사람들과 매우 좋은 관계를 유지하고 있어서 만족스러워.
1640,4,그녀를 더 이상 사랑하지 않지만 아이 때문에 나는 헤어질 수가 없어.
1641,4,자식들이 나보고 알아서 병원비를 내라네. 기가막히고 괘씸해.
1642,2,실장님 때문에 일 그만두고 싶어. 내가 이렇게까지 직장에 다녀야 하는지 모르겠어.
1643,0,은퇴한지 일년이 자났는데 생일라고 전 직원들이 찾아왔더라구.
1644,1,다른 사람들 앞에서 얘기하는게 어려워.
1645,4,그래서 더 배신당한 기분이 드신거군요.
1646,2,사십 대 후반인데 은퇴라니 너무 우울하다.
1647,5,짜증 나 죽겠어!
1648,0,어마어마한 약값 때문에 막막했는데 옆집 사람이 돈 빌려준다고 해서 얼마나 다행이었는지 모르겠어.
1649,1,고지혈증을 진단받아서 고기를 못 먹으니 스트레스가 이만저만이 아니야.
1650,4,질환에 걸리니깐 환갑이 넘는 내 인생이 가족들에게 희생된거 같아.
1651,5,부하 직원이 알아서 업무를 진행하지 않고 모든 걸 내 결재를 받으려고 해서 너무 짜증 나.
1652,0,자식들이 다 잘 되고 있어서 내가 필요할 때 돈을 보내줄 거라는 믿음이 있어.
1653,2,삼 년 동안 아이를 갖기 위해 큰 노력을 했는데 잘 안되어 포기해야 할 것 같아.
1654,2,옆집 김 씨는 자식들이 안마의자 사줬다던데 나는 안마의자 사줄 자식도 없고 인생 헛살았나 싶어. 내 처지가 처량해.
1655,4,친구들이 나만 남겨두고 모두 여행을 떠나서 혼자 버려진 것 같아.
1656,5,남편이 자꾸 카드 값을 연체해서 화가 나.
1657,4,공부 잘한다고 같이 다니며 이용하더니 이제는 필요가 없다고 친구들이 떠나버렸어.
1658,3,김 팀장은 너무 혐오스러워.
1659,5,나 충격을 먹었어.
1660,5,엄마가 내 의견은 무시하고 계속 돈 잘 버는 전공을 하라셔. 너무 짜증나.
1661,1,오늘 아빠가 모르는여자랑 말을하고있었어
1662,3,나에게 경미한 장애가 있다는 걸 친구에게 들켜버렸어. 순간 너무 당황스러웠어.
1663,2,정년퇴임이 가까워오는 것이 슬퍼서 눈물이 나.
1664,3,나 사실 지금 남자친구 말고 다른 사람도 좋아해. 두 명 다 좋아하는데 어떡하지?
1665,3,엊그제 대학동창모임에서 친구들이 딸 직업을 물어보는데 백수라고 얘기하기가 부끄러웠어.
1666,5,주식이 반토막났네.
1667,1,회사에 이번에 중년의 신입이 들어왔어. 회사에서 나이를 안 보고 뽑는 건 알았으나 중년의 신입이라고 하니 약간은 불편했지. 
1668,3,담임선생님께 의예과에 가고 싶다고 했는데 내 성적으론 안 된다고 하시네. 나 자신이 너무 한심해.
1669,5,코로나 때문에 손님이 없는데 임대료는 내야하고 정말 힘들어.
1670,5,코로나 때문에 회사에서 권고사직을 당했어.
1671,4,나한테 매일 등교하는 건 숨이 막히는 괴로움이야.
1672,4,아들놈이 또 사업에 실패했어.
1673,4,학교에서 난 잘못한 게 없는데 혼났어. 너무 서럽고 속상해.
1674,4,가족과 같이 있는데 나 혼자 있는 기분이라서 속상해.
1675,1,내가 발견한 상사의 잘못을 보고해도 될까? 기분만 상하게 할까 조심스럽네.
1676,0,이직한 직장의 자유로운 분위기가 맘에 들어.
1677,1,실적을 채우기 위해 업무 외에 개인적인 영업을 하고 싶지 않아.
1678,0,부부사이가 편안해졌어.
1679,5,애인 부모님께 인사 드리러 갔는데 애인 어머니가 나한테 설거지를 시켰어. 어이 없어.
1680,2,요즘은 부모님과 깊은 대화를 나누기가 어려워.
1681,4,한 가지 일만 이십여 년 해와서 노년에 무슨 일을 해야 할지 잘모르겠어요. 
1682,5,아내 출산 예정일이 얼마 남지 않았는데 정말 화가 난다.
1683,2,몇년 전 적금 해약 한것이 후회가 되네.
1684,1,딸이 우울해하는데 물어보기가 조심스럽네. 내가 도움이 되고 싶은데.
1685,5,회사 직원이 점심으로 인스턴트 식품만 시켜. 마음에 들지 않아서 한마디 했어.
1686,2,화가 나서 친구한테 소리를 질렀어.
1687,0,요새 너무 기뻐.
1688,3,나 오늘 너무 당황 스러운 일이 있었어.
1689,4,오늘 직장에서 억울하게 희생당했어.
1690,1,출장이 잦은데 잠자리가 바뀌면 잠이 안 와서 스트레스야.
1691,1,나는 가족이 전부인데 모두들 나를 떠나가는 것 같아서 무서워.
1692,0,유비무환이라고 옛말이 딱 맞네.
1693,2,주위에 만날 사람이 없어.
1694,2,은행직원이 내가 늙은이라고 위험성이 높은 펀드를 가입시켰어!
1695,3,은퇴하고 만성질환에 시달리고 있어.
1696,0,나는 친구와 사이가 아주 좋아. 가끔 만나서 술을 마셔.
1697,3,어머니는 형만 사랑하는 것같아. 나는 아무래도 친 자식이 아닌것같아.
1698,2,엄마가 손목 관절이 안 좋아 병원에서 수술 받으셔야 한다고 하네
1699,4,가난했지만 자식들을 위해 최선을 다했는데 자식들은 늙은 나를 돌보지 않아. 너무 슬퍼.
1700,0,항암치료를 더 이상 하지 않아도 된다니 이렇게 기쁜 적은 처음이야.
1701,0,주말에 딸이랑 데이트 하기로 했어!
1702,2,이건 피로의 연속인데. 밤에는 몸이 좋지 않아서 못자고 낮에는 잠을 자지 못해서 피곤하고.
1703,3,존경하신분 비서로 일하게 되었는데 알고 보니 여자 관계가 복잡하네요. 실망스러워
1704,1,결혼해야 되는데 걱정이야.
1705,4,연애할 여유도 없다는데 친구들은 내가 연애를 못 하고 대는 핑계라고 해서 상처야.
1706,1,내 성적을 선생님이 공개해버렸어.
1707,5,결혼식이 다음 달인데 빨리 다음 달이 됐으면 좋겠어.
1708,0,난 내가 항암 치료를 겪어서 앞으로는 힘들어도 가족들에게 짜증 한 번 안 낼 것이라고 자신해.
1709,0,아이가 처음으로 내게 아빠라고 하는 것을 들었어.
1710,2,오늘이 내 생일이라 집에 갔는데 아무도 나를 축하해주지 않아 실망스러워.
1711,5,나한테 중요한 전공 서적이 있는데 친구한테 빌려주고 돌려받으려니까 잊어버렸대. 대수롭지 않게 말하는 친구를 보니 화가 너무 났어.
1712,5,지금 너무 화가 난다. 차가 나를 치고서 그대로 도망가 버렸어.
1713,4,내 몸이 불편한 것도 싫지만 남한테 숨기는 동생의 행동이 상처야.
1714,4,요즘 학교에 가고싶지 않아.
1715,0,노인정에서 사귄 친구가 하나 있어.
1716,2,아내는 출산 후 쉬지도 못하고 출근하며 열심히 일했는데 결국 회사에서 잘렸어.
1717,1,노후 대비를 해놓지 못해 자식들에게 기대야 할 것 같은데 불안해서 말하기가 꺼려져.
1718,2,이번에 아내가 또 유산했어.
1719,4,남자친구에게 미안한 마음이 있으시군요. 어떻게하면 남자친구를 행복하게 해줄 수 있을까요?
1720,0,나를 싫어하던 최 영감이 이사를 간대.
1721,0,나는 참 성공한 인생 같아.
1722,3,친구들이 나랑 어울리지 않으려고 하는 것 같아.
1723,4,내 친구들의 실상을 알고 충격받았어.
1724,0,무료 재무 상담을 받았는데 안정적으로 관리를 했다고 칭찬을 받아서 기분이 너무 좋아.
1725,1,내일이 시험이야.
1726,0,친구가 드디어 원하는 기업에 합격해서 함께 축하해줬어. 친구가 기뻐하니 나도 너무 기뻐.
1727,4,오늘 몹시 당황스러운 일이 있었어.
1728,0,원래 문제만 보면 눈에 하나도 안 들어왔는데 열심히 공부했더니 갑자기 풀리기 시작했어!
1729,1,친한 친구들이 점점 멀어지는 느낌이라서 두려워.
1730,5,집이 넘어가게 생겼는데 진짜 다 포기하고 놓아버리고 싶다.
1731,0,요즘 부모님들이 편하게 해줘서 정말 고마워.
1732,2,부모님이 바쁘셔서 졸업식에 못 오실 줄 알고 너무 슬펐어. 그런데 부모님이 제일 큰 꽃다발을 가지고 찾아오셔서 눈물이 났어.
1733,3,이기적이고 약은 직원 때문에 화도 나고 스트레스를 받아.
1734,3,아빠는 항상 형과 나를 비교하면서 나를 무시해.
1735,5,젊은 시절을 바쳐 가며 노후 자금을 모으기 위해 일했는데 모인 돈이 겨우 이거라고?
1736,4,중학생 아들이 게임만 하고 나하고 대화를 하려고 하지 않아.
1737,5,정말 짜증 나는 대학 동기가 있는데 얘랑 연락을 끊고 싶어.
1738,1,수학 능력 시험 답안을 채점했는데 생각보다 많이 틀려서 대학에 갈 수 있을지 걱정돼.
1739,2,회사 일을 이십년 넘게 해왔는데도 일이 쉬워지지는 않고 더 힘들어지는 것 같네. 내가 부족한걸까?
1740,1,얼른 몸이 나아야 딸 결혼식에 갈 수 있을 텐데 마음이 초조해.
1741,4,원래 혈압이 높았는데 친구에게 사기를 당하고 쓰러져서 병원에 입원했어.
1742,1,어제 갑자기 여자친구가 임신했다고 나한테 말했어.
1743,4,오늘 검사를 받았는데 불치병이래. 처방받을 수 있는 약이 없대.
1744,3,사귄 지 한 달 만에 남자친구가 결혼 이야기를 꺼내서 당황스러워.
1745,2,병원에 갔더니 간암이래. 진작 아내말을 들을걸 후회하고 있어.
1746,5,오늘 친구랑 대화하다가 정말 기분이 상했어.
1747,5,어떻게 그럴 수가 있지? 오늘 정말 화가 나는 일이 있었어.
1748,1,업무에 실수가 있어서 직원을 불러놓고 얘기했더니 울어서 조심스러워.
1749,0,내 펀드 매니저는 한 번도 손해를 본 적이 없어. 정말 믿음직스러워.
1750,4,요즘 노후에 대해 고민하고 있어. 그래서 그런지 억울해.
1751,5,이번에 면접 보고 온 기업에 최종 합격할 수 있을까? 너무 불안해.
1752,1,이번에 새로 맡은 프로젝트는 도무지 이해를 못 하겠어.
1753,4,우리 동네에도 코로나 때문에 돌아가신 분이 있어. 너무 속상하고 충격이야.
1754,4,주변 사람은 멀쩡하고 왜 나만 아플까?
1755,2,어제 여동생이 결혼식을 했어.
1756,5,동생이 내 노트북을 가져갔어. 뭔가 좀 불안한데.
1757,4,중년에 회사에 붙어있으려니 여러가지로 상처가 많아.
1758,5,남자친구가 다른여자와 키스했어.
1759,2,취직한지 두 달 정도인데 내가 일을 너무 못하는 것 같아. 자잘한 실수 때문에 오늘도 혼났어. 매일 밤마다 울고 있어.
1760,4,우리 아빠는 돈이 없어서 내 생일 선물 같은 건 안 챙겨주셨어.
1761,1,코로나 일구 감염병에 걱정이 많다.
1762,5,직장에서 동기가 자꾸 말을 거는 게 너무 성가셔.
1763,2,이번에 사표를 냈는데 왠지 후회가 돼.
1764,3,오늘 생리를 했어.
1765,2,평생 이렇게 빚만 갚다가 인생이 끝나면 어쩌지? 너무 슬퍼.
1766,3,요즘 일을 몇 건이나 따온 직원이 있는데 상사가 어떠냐고 물어봤을 때 나도 모르게 험담을 해버렸어.
1767,3,갑자기 아내가 사라졌는데. 이 여편내 어딜 간걸까? 당황스럽네.
1768,2,원래 건강했었는데 올해 들어 무기력해진 것 같아.
1769,5,재정에 대해 안달하고 있는 것 같아.
1770,0,오랫동안 준비해왔던 해변 마라톤을 드디어 완주했어! 기분이 정말 날아갈 것 같아.
1771,5,오늘 병원에서 치료를 받지 못하고 그냥 나왔어.
1772,4,요즘따라 친구들이 날 대하는 게 이상했는데 오늘 나한테 같이 다니지 말자고 얘기하더라.
1773,5,청소부로 취직한 게 아닌데 직장에서 청소까지 하고 있어.
1774,1,남편이 나 몰래 도박을 하는 것 같아 불안해.
1775,3,나 말이야 왠지 노안이 온 것 같아.
1776,5,내가 따돌린 친구에게  진심을 다해 사과하고 용서 받으면 학폭위가 취소되지 않을까?
1777,0,운동을 계속 하는게 좋겠지?
1778,2,내가 여태 살면서 첫번째로 잘한일이 우리 집사람과 결혼한 거라면 첫번째로 못한일이 아들 한명만 낳은거야.
1779,1,남자친구가 나를 사랑한다고 하지만 내가 그 마음을 믿고 온전히 사랑해도 될지 가끔 무서워.
1780,4,같이 지내던 친구들이 나를 멀리하기 시작했어.
1781,2,열싱히 노력했다면 지금 이 성적은 아닐텐데 너무 후회돼.
1782,0,오랜 회사생활 뒤 은퇴를 한 후에는 더 이상 일하지 않아도 된다는 것이 너무 기뻐.
1783,1,은퇴할 나이에 갑자기 병이 찾아오니 돈 걱정에 스트레스야.
1784,3,이번 코로나 일구를 겪으면서 다시 한번 인간에게 혐오스러움을 느꼈어. 자신의 건강이 아무리 중요해도 온갖 것을 먹어대는 모습이 너무 싫어.
1785,5,남편이 자주 집을 나가는데 그럴 때마다 내게 모질게 대했던 시어머니가 아팠으면 좋겠어.
1786,2,갑자기 눈이 침침하고 어지러운 것이 건강에 큰 문제가 있는 것 같아.
1787,4,은퇴하려면 이제 칠 년 정도 남았는데 노후준비가 안 돼 있어서 걱정되네.
1788,5,나 빼고 노는 친구들이랑은 기분이 나빠서 더 이상 잘 지내고 싶지 않아.
1789,5,건강하려면 운동을 계속 열심히 해야한다는거 자체가 짜증이나네 정말.
1790,3,내가 맡은 업무가 너무 싫어.
1791,5,내 앞에서 온갖 친한 척을 다하던 직장 동료가 뒤에서는 내 뒷담이나 하고 있었어.
1792,4,직장에서 일하다 보면 나 스스로가 부족하게 느껴질 때가 많은 것 같아
1793,2,내년이면 벌써 내 나이가 오십이야. 나름으로 열심히 성실하게 살았다고 생각하는데 지금 와서 보니 모아놓은 돈도 없고 나중에 은퇴까지 하면 뭘 하고 지내야 할지 모르겠어.
1794,5,나이가 들수록 건강이 안 좋아지는것 같아 걱정이야.
1795,2,모든 게 끝난 느낌이야. 투자했던 주식이 폭락했어.
1796,2,아들이 취업할거라는 기대는 하지 않기로 했어
1797,4,이번에 진행한 프로젝트 결국 엎어졌어.
1798,5,은퇴 생각해 화 나.
1799,4,내가 좋아하는 선생님이 내 친구를 더 예뻐해서 너무 속상하고 질투나.
1800,1,나는 내가 무슨 옷을 입고 외출했을 때 사람들이 나를 어떻게 볼지 너무 신경이 쓰여.
1801,4,친구의 자식들은 대학 졸업하고 직장 다니는데 나는 자식들 학비를 대고있어
1802,5,요즘 집안일 때문에 기분이 별로인데 자꾸 여자친구한테 그걸 풀고 있어.
1803,5,억지로 공무원 준비를 하려니까 구역질 나게 힘들어.
1804,0,오늘 프러포즈를 받았어. 드디어 결혼하게 되다니 꿈만 같아. 식사를 어떻게 했는지도 모르겠어.
1805,1,친구가 갑자기 날 좋아한다고 고백해서 혼란스러워.
1806,1,이제 싸움질도 지겨워.
1807,0,그런 일이 있으셨군요. 다행이네요.
1808,4,응 안들킬 수 있었는데 동생이 제발저려서 자기만 쏙 빠지고 내가 그랬다고해서 속상했어.
1809,5,아들에게 몸이 안 좋아서 당분간 같이 살아야겠다고 말하니 내키지 않는 모양이야.
1810,0,오늘은 정말 기분이 좋아. 직장동료와 점심을 먹었는데 대화가 즐거웠거든.
1811,4,여자친구가 요즘 나한테 맨날 화내고 지적만 해. 내 입장에선 내가 잘못한 것은 하나도 없거든? 이걸 어떻게 풀 곳도 없고 정말 괴로워.
1812,4,친구들하고 다시는 약속 같은 거 안 하려고. 지금 너무 고립된 기분이야.
1813,2,오늘 내 친구 박영감 장례식에 다녀왔어.
1814,5,남편이 나이가 들면서 아픈 곳만 더 생겨서 속상해. 그런 남편을 보면 한심해서 툴툴거리게 돼.
1815,3,아내가 죽고나서 아들이고 딸이고 찾아오질 않는구려.
1816,4,많은 나이에 공장을 가니 너무 몸이 안 좋아졌어.
1817,5,지정 받은 실습처 월급도 제대로 안 나오고 짜증나.
1818,5,요즘 친구들이 자꾸 이상한데로만 놀러다니는데 짜증이 다 나.
1819,0,은퇴할 시기가 점점 다가오지만 나는 자신 있어.
1820,4,너무 억울한 일이 있었어.
1821,5,난 일 년에 정기검진을 세 번씩 받아.
1822,0,좋은 사람들 근처에는 좋은 사람들이 모여드는가봐요.
1823,1,무서운 상사때문에 실수할까봐 신경쓰여.
1824,1,맡은 일의 마감이 지나버려서 내일 부장한테 엄청 혼날 거 같아.
1825,3,내 가족이 요즘 너무 싫어.
1826,4,내 친한 친구가 죽었어.
1827,4,나는 결혼을 하지 않을거야. 결혼에는 희생되는 것이 너무 많은 것 같아.
1828,1,이번 직장도 또 잘렸어. 뭘 잘못한 걸까?
1829,1,세상살이가 이젠 정말 지긋지긋해.
1830,3,누나가 머리를 짧게 잘랐는데 사람들이 쳐다보는 게 싫은가 봐.
1831,2,엄마가 내 성적표를 보면 한숨을 쉴 거야.
1832,1,재정적으로 너무 취약해.
1833,1,학교 폭력 위원회 결과를 기다리고 있는데 불안해.
1834,1,요즘 연애 때문에 고민이 많아.
1835,2,왜 갑자기 이런 일이 생기지?
1836,0,아내가 참 알뜰한 편이야.
1837,4,누구보다 많이 벌어다 줬는데 다 가져다 쓰고 내앞으로 남은게 없어.
1838,1,남편이 잘 다니던 회사를 갑자기 그만두고 농사를 짓겠다고 말했어.
1839,0,부서를 발령받았는데 내가 원하던 부서에 배치 받게 되어서 너무 기뻐.
1840,1,마음을 터놓고 얘기를 잘 못하겠어.
1841,2,평생 일을 했는데 돈이 없어.
1842,0,이젠 죽음을 느긋하게 기다리고 있어.
1843,2,요즘 학교에 가기싫어. 부모님한테 말씀도 못드리는 나 자신이 너무 싫다.
1844,0,체육실에 혼자 있는데 짝꿍이 같이 있어줬어.
1845,1,직장에서 아주 기분이 안 좋은 일로 우울해. 이 나이에 이러한 처우를 받으며 일해야 하나 고민이야.
1846,3,대리님이 크게 다치셨어. 죄송해서 어떻게 하지?
1847,3,주변에 진로 상담을 해줄 사람이 없어.
1848,5,걔는 나랑 연을 끊으려나봐. 작정하고 내 프로젝트를 망쳤어.
1849,0,아내와 아이를 보고 있으면 느긋하게 기분이 좋아져.
1850,5,추석에 시댁에 가면 시어머니가 또 아이 낳으라고 뭐라고 하실 것 같아. 안 생기는 걸 어떡해.
1851,2,학교에서는 쓸데없는 것만 배워.
1852,3,우울증 약 때문에 살찐 남편이 부끄러워서 부부동반 모임에서 잡고 있던 남편 손을 놔버렸어.
1853,1,내일 건강검진 받는 날인데 괜히 걱정되네.
1854,1,내 인생이 병 때문에 병원 침대 위에서 끝날 것 같아.
1855,0,오늘 부모님이랑 외식하기로 했어.
1856,1,내가 어제 목욕탕에 갔는데 핸드폰을 잃어버렸어.
1857,5,학교에서 폭력 사건이 생겨 중재를 하는 게 정말 성가신 일이야.
1858,4,항상 같이 다니던 늙은 친구가 있었는데 다른 친구로 옮겼더라.
1859,0,이번에 내가 그토록 원했던 동생을 낳아주셔서 부모님께 너무 감사드려.
1860,1,부모님께 어떤 선물을 드릴까?
1861,2,새벽에 배가 아파서 깼어.
1862,5,늙어서도 할 수 있는 일이 있는데 사람들은 늙으면 아무 것도 못 한다고 말해.
1863,3,부모님이 나를 좋아하는지 혼란스러워.
1864,1,내 친구가 사귀는 남자친구를 카페에서 본 것 같은데 다른 여자애랑 있더라. 꼭 커플같이 보이는 게 의심스러웠어.
1865,1,요즘 업무 때문에 너무 스트레스야.
1866,4,부모님이 간호과를 원하셔서 입학했는데 나랑 적성이 안 맞아서 성적이 계속 떨어져.
1867,2,운동하다가 어깨를 다쳤는데 잘 낫지가 않아서 속상해.
1868,4,암 선고를 의사로부터 받았어.
1869,3,벌써 삼 년째 남자친구가 없어.
1870,3,오랜만에 고향에 내려갔는데 나랑 친했던 이웃들이 하나도 없어서 당황스러워.
1871,5,나이가 들면서 점점 소심해지는 것 같아.
1872,2,우리 가족은 아침에 내가 일어나든 말든 관심이 없어. 나한테 신경 쓰지 않아서 슬퍼.
1873,3,우리반에 이상한 얘들이 많아.
1874,1,나 이번에 최종 면접에서 또 떨어졌어. 왜 나는 최종 면접에서 매번 떨어질까?
1875,3,언니는 좋은 학교 보내주고 나는 돈 없어서 일반학교에 갔어.
1876,2,기말고사 성적이 실망스러워.
1877,1,동생이 경찰서에 갔다는 연락을 받았어.
1878,4,동호회 사람들이랑 마라톤에 출전했는데 나만 뒤쳐져서 혼자였어.
1879,3,오늘 친구들하고 이야기했는데 진짜 별로였어.
1880,0,요즘 상관이 잘 챙겨주셔. 좋은 말도 많이 해주시고.
1881,0,나 삼십 년 동안 꾸준히 저축해서 오천만 원을 모아서 너무 기뻐.
1882,0,은퇴 후 첫 해외 여행을 다녀온 뒤 그 동안 도움을 준 주변 사람들에게 작은 선물을 나눠줬어.
1883,5,아내에게 요새 조심스럽게 행동하는중이야.
1884,1,학교 폭력 당한 걸 학교에 말했는데 제대로 대처를 안 해줘.
1885,1,나는 결혼은 못 할 것 같아. 지금까지 한 번도 여자랑 사귄 적 없다고 하면 믿겠어? 결혼은 꿈도 못 꾸겠네.
1886,3,대학을 갈지 공무원 준비를 할지 너무 혼란스러워서 고민이야.
1887,1,이대로라면 부모님이 이혼할지도 몰라.
1888,1,컴퓨터를 잘 몰라 걱정이야.
1889,1,이제는 친구들과 연락이 너무 뜸해. 만나기도 쉽지 않고 이러다 친구를 전부 잃을 것 같아.
1890,1,나만 남아서 이제는 급해졌어.
1891,4,수능이 다가오는데 아무도 신경을 써주질 않아.
1892,4,오늘 직장에서 억울한 일이 있었어.
1893,2,연애 같은 거 이제 안 할래. 몇 년을 사귀어도 하루아침에 헤어지면 끝인 이런 관계 이제 질린다.
1894,5,학교에 가보니 내 책상과 사물함과 의자에 비속어로 낙서가 되어 있어서 속상해.
1895,4,오늘 본사에서 거래처 손님이 방문하셨는데 내가 잠시 자리를 비운 터라 다른 사원이 일을 처리했는데 그게 잘 못 돼서 기분이 엉망이야.
1896,5,센터에 나가서 취업교육받는데 담당자가 너무 짜증나.
1897,3,친구가 힘들게 소개해준 일자리가 내 적성과 맞지 않아서 당황스럽고 어찌해야 할지 모르겠어.
1898,1,갑자기 권고사직이라니 어쩌면 좋지?
1899,5,김 부장이 나를 기만했어. 어떻게 복수해야 할지 몰라서 화가 나.
1900,0,좋은 생각인 것 같아요. 선생님께서도 틀림없이 좋아하실 거예요.
1901,1,거의 이십 년 동안 친구였던 오랜 내 남자 친구가 나에게 이성으로서 교제하고 싶다고 고백했어. 친구라고만 생각했는데 너무 혼란스러워.
1902,5,나는 나이가 들어도 계속 저축을 해야 할 거 같아.
1903,0,딸 성적이 크게 떨어졌어.
1904,0,드디어 내가 노력한 보람을 얻었으니 만족스러운 기분이야.
1905,0,드디어 내일 남자 친구와 여행을 가게 되었어. 굉장히 기대하고 기다리던 여행이어서 행복해.
1906,0,입사한 지 오늘로 일 년이 되었는데 이제 업무가 익숙해져서 상사한테 일을 잘한다는 소리도 들었어.
1907,0,나는 현재의 내 아내를 전적으로 신뢰해.
1908,4,직장에서 같이 하는 프로젝트에 아무것도 하지 않는 사람이 있어서 충격적이고 상처 받았어.
1909,5,회사에 지각해서 급해 죽겠는데 길에서 마주친 사람이 도를 아냐며 자꾸만 붙잡아서 화가 나.
1910,5,요즘 날씨에 감기 걸릴까 걱정이네.
1911,0,다음 주에는 다 같이 명동에도 가기로 했어. 분명히 재미있겠지?
1912,1,부장님이 급하게 찾아서 엘리베이터를 탔다가 멈춰서 호출을 했는데 아무도 답이 없어서 초조했어.
1913,2,어제는 직장 상사 형수님이 유방암이라는 소리를 들었어.
1914,2,진료받으러 왔다가 진상 환자 때문에 우는 간호사를 보고 있으면 우리 손녀가 생각나서 짠해.
1915,3,건강에 대해서 많이 생각하게 하는 요즘이야.
1916,0,드디어 걔들이 괴롭히는 걸 그만두기로 했나 봐.
1917,5,후배가 내가 시키는 일을 제대로 처리하지 못하지 뭐야.
1918,4,나 오늘 너무 당황스러운 일이 있었어.
1919,3,아직도 직장생활하는 친구를 보면 나는 왜 직장을 관뒀나 싶어.
1920,4,어렸을 때 아버지의 부재로 집안이 많이 가난하고 불우했어.
1921,5,친구들이 나를 괴롭히는데 내가 뭘 잘못했는지 모르겠어서 화가 나.
1922,5,다리를 다쳐서 운동을 할 수 없어서 짜증나.
1923,5,엄마 아빠는 나를 왜 이렇게 낳았을까
1924,4,친구가 내 험담을 했는데 억울해.
1925,5,나이가 들어가서 그런가 여기저기 안아픈곳이 없네! 어깨는 만성통증에 속은 쓰리고. 왜이리 아픈곳이 많은거야?
1926,2,친한 친구들이 하나둘씩 결혼하고 동네를 다 떠나니 우울하네.
1927,1,회사 분위기가 아무래도 정년까지 일할 수 없을 것 같아.
1928,5,친구가 나랑 만나면 남자친구 얘기만 해서 짜증나.
1929,5,노후준비하는데 이것저것 알아봐야 하고 챙길 게 많다.
1930,2,어제 여자친구와 선약이 있었는데 감기 기운이 있어서 쉬어야겠다며 전화를 했어.
1931,0,그 사람과 왠지 앞으로 좋은 관계로 발전할 것 같아. 좋은 느낌이야.
1932,2,사는 게 왜 이리 힘든지 모르겠어.
1933,3,돈도 없는데 낚싯대를 아내 몰래 사버렸어.
1934,5,남편 친구와 바람을 피고 있어.
1935,2,우리 신랑의 건강이 갑자기 안 좋아졌어. 어떡하지?
1936,1,난 왜 이렇게 인생을 살아왔을까?
1937,1,아내가 잠든 사이 배가 고파서 조용히 라면을 끓이러 주방에 나왔어. 아내가 깰까 봐 불안해.
1938,3,난 아이돌 하고 싶은데 남들 시선이 좀 의식돼.
1939,5,다음 달에 엄마가 핸드폰 사 주신 댔는데 기다림이 너무 길다고 생각해.
1940,3,모의고사 성적이 나빴어. 남들은 성적이 좋은데 말이야
1941,2,영양제를 다 챙겨먹고 있는데 돈 낭비가 아닐까 생각을 해.
1942,5,오늘 벌써 열 번이나 나는 해도 안 될 거라는 말을 들어서 좌절감을 느껴.
1943,4,아내가 너무 일찍 세상을 떠나버렸어.
1944,1,내가 지금 한 여자의 인생을 망치고 있는 건 아닌지 두려워.
1945,2,헤어진 남자친구가 다른 여자랑 결혼한대.
1946,5,제발 여자친구가 담배 좀 끊었으면 좋겠어.
1947,5,부끄럼 없이 살았는데 사람들은 돈으로 나를 판단해.
1948,1,아내가 아이를 원하지만 나는 아직 조심스러워. 아이를 잘 키울 수 있을지 모르겠어.
1949,5,여자 친구와 드라이브를 하는데 바로 앞에 가던 자동차가 급하게 정지를 했어. 너무 분노를 느껴.
1950,3,오늘 갑자기 내 비밀을 우리 반 교실에서 다 알린 애가 있었어. 나는 그 친구와 다시는 만나기도 싫어.
1951,1,이번에 대학교 일학년에 입학하는데 내가 소심해서 과 친구들이랑 잘 지낼 수 있을지 모르겠어.
1952,0,내가 가장 원했던 대학에 합격했어! 오늘이 어떤 날보다 행복해!
1953,4,평생 자녀들을 위해 돈을 쓰느라 정작 내 노후 준비는 하지 못했어.
1954,3,어제까지만 해도 연락이 잘 됐던 자식이 연락이 안 돼.
1955,0,정년퇴직하고 만성질환으로 고생하고 있어.
1956,4,대학교 동기랑 같은 회사에 이력서 제출했는데 나한텐 면접보라고 연락이 안오고 동기한테는 왔다네. 내가 더 스펙이 좋은데.
1957,3,은퇴를 앞두고 있는데 회사에서 기존의 퇴직에 대한 혜택을 줄 수 없다고 해서 당황스러워.
1958,0,며칠 전부터 출근한 회사가 아주 좋아. 사람들도 좋고 회사 분위기도 얼마나 좋은지 정말 만족스러워.
1959,5,흰 머리로 다니자니 나이 들어 보인다고 말하지. 염색하려면 한 달에 한 번 또 해야 하지. 정말 귀찮아.
1960,2,회사 선배가 내 입사동기만 예뻐하고 나한테는 냉담해
1961,2,회사 사람들이 나만 빼놓고 모두 퇴근을 해서 우울해.
1962,4,이번 시험에서 좋은 점수를 못받았거든.
1963,4,나만 빼고 다들 너무 준비를 잘 해 두고 있었나 봐 너무 질투나.
1964,3,고립감이 많이 들어.
1965,3,살날이 얼마 안 남았다고 생각하니 젊을 때 자녀들을 더 많이 사랑해 주지 못한 게 한이야.
1966,1,아빠는 돈이 없으면 슈퍼에서 외상을 해서라도 술을 마시곤 해.
1967,4,술자리에 못나가게 되니 동호회 사람들이 연락을 끊었어. 이렇게 사람을 무시할 수 있나.
1968,5,직장 스트레스가 이만저만이 아니네. 머리가 아프다.
1969,0,회사 생활을 하면서 동기에게 신뢰받게 돼서 너무 좋아.
1970,5,면접에서 폭언을 들었어. 정말 토나와.
1971,2,담배를 안 피워서 폐활량이 엄청 좋을 줄 알았는데 검사에서는 평균으로 나왔어.
1972,4,딸이 하지정맥류 때문에 힘들어하네.
1973,2,가족 관계가 오래전에 틀어졌는데 다시 회복하지 못 할 거 같아 슬퍼.
1974,1,나이가 많은데 취업이 안 돼서 초조하다.
1975,5,나는 빨리 은퇴 준비를 해야 해. 곧 은퇴인데 모아 놓은 돈이 없어.
1976,2,아들이 원하는 곳에 취직시험에 떨어져서 실망이야.
1977,2,매일 엄마 아빠가 싸워서 집에 들어가기가 싫어.
1978,4,며칠 앓았더니 낙동강 오리알 신세가 된 것 같아. 현실 세계와 멀어진 느낌이야.
1979,3,임신하려면 건강한 몸을 만들어야 하거든. 근데 운동도 안 하고 먹기만 하는 나 자신이 너무 한심해.
1980,4,내가 제일 믿었던 친구가 다른 애들이랑 같이 나를 욕했던 걸 알게 됐어. 너무 충격적이야.
1981,4,우리 직장 상사님이 글쎄 여사원한테 성희롱했대. 엄청 친절하신 분이었는데 충격이야.
1982,5,오늘 고혈압 약 받으러 갔다가 역겨운 상황을 목격했어.
1983,1,언제 해고 당할 지 항상 불안해.
1984,0,해외에서 유학하고 있는 딸을 일 년 만에 만나러 드디어 내일 출발하는데 너무 기대가 되.
1985,2,요즘 나이 들어 건강이 나빠진 것 같아. 마음이 자꾸 답답해지고 꽉 막힌 것 같아.
1986,4,남자친구하고 헤어졌는데 버려진 기분이 들어.
1987,2,난 절대 따돌림을 당하지 않을줄 알았는데 이번에 내 차례가 왔어.
1988,5,나이 육십에 남편 밥 차려주는 것도 귀찮아.
1989,0,회사의 수평 구조가 사원 간의 분위기를 편하게 해주어 일하기 좋은 환경을 만들어 준 것 같아. 우리 회사가 정말 좋아.
1990,5,나도 연애하고 싶은데 도대체 언제 할수 있는거야. 나만 못해.
1991,2,어릴 적부터 하고 싶었던 직업이 있었는데 드디어 그 꿈을 이뤘거든. 하지만 후회가 돼.
1992,4,엄마는 내게 이번 달부터 학원을 보낼 수가 없다고 정말 미안하다고 했어.
1993,2,내년이면 벌써 정년이라니.
1994,5,학교폭력 가해자로 의심받아서 성가신 일이 생겼어.
1995,2,친구랑 대판 싸웠어. 가장 친한 친구였는데 너무 슬퍼.
1996,4,직장에서 정리해고 명단에 들어갔어. 내 청춘을 바쳤는데 버려진 기분이야.
1997,5,회사애서 잘못한 일을 개인에게 책임지라고 하는게 말이돼?
1998,4,어떻게 나한테 이럴 수가 있어?
1999,3,오빠 때문에 너무 화가 나.
